window_lo,window_hi,n_alive,canonical_id,name,effective_size,density,constraint,hierarchy,rank_effective_size,rank_constraint,rank_hierarchy,rank_density_raw,rank_density_moderate,rank_composite_3,rank_composite_4,borda_effective_size,borda_constraint,borda_hierarchy,borda_density_raw,borda_density_moderate,borda_composite_3,borda_composite_4
0,17462,10,0,Lawrence John Wargrave,5.3333,0.1333,0.3056,0.0769,3.0,2.0,4.0,6.0,2.0,3.0,2.75,0.7777777777777778,0.8888888888888888,0.6666666666666666,0.4444444444444444,0.8888888888888888,0.7777777777777778,0.8055555555555556
0,17462,10,1,Vera Elizabeth Claythorne,5.6667,0.0667,0.2361,0.3721,2.0,1.0,8.0,5.0,3.0,3.6666666666666665,3.5,0.8888888888888888,1.0,0.2222222222222222,0.5555555555555556,0.7777777777777778,0.7037037037037037,0.7222222222222222
0,17462,10,2,Philip Lombard,1.0,0.0,1.0,1.0,8.0,7.0,9.0,2.5,5.5,8.0,7.375,0.2222222222222222,0.3333333333333333,0.1111111111111111,0.8333333333333334,0.5,0.2222222222222222,0.2916666666666667
0,17462,10,3,Edward George Armstrong,5.8571,0.1905,0.3073,0.2743,1.0,3.0,6.0,7.0,1.0,3.3333333333333335,2.75,1.0,0.7777777777777778,0.4444444444444444,0.3333333333333333,1.0,0.7407407407407407,0.8055555555555556
0,17462,10,4,William Henry Blore,,0.0,,,10.0,10.0,10.0,2.5,5.5,10.0,8.875,0.0,0.0,0.0,0.8333333333333334,0.5,0.0,0.125
0,17462,10,5,Emily Brent,1.0,1.0,1.125,0.0,8.0,8.5,2.0,9.5,9.5,6.166666666666667,7.0,0.2222222222222222,0.16666666666666666,0.8888888888888888,0.05555555555555555,0.05555555555555555,0.4259259259259259,0.3333333333333333
0,17462,10,6,John Gordon Macarthur,2.0,0.0,0.5,0.2781,4.5,4.5,7.0,2.5,5.5,5.333333333333333,5.375,0.6111111111111112,0.6111111111111112,0.3333333333333333,0.8333333333333334,0.5,0.5185185185185186,0.5138888888888888
0,17462,10,7,Anthony James Marston,1.0,1.0,1.125,0.0,8.0,8.5,2.0,9.5,9.5,6.166666666666667,7.0,0.2222222222222222,0.16666666666666666,0.8888888888888888,0.05555555555555555,0.05555555555555555,0.4259259259259259,0.3333333333333333
0,17462,10,8,Thomas Rogers,1.6667,0.6667,0.8395,0.2671,6.0,6.0,5.0,8.0,8.0,5.666666666666667,6.25,0.4444444444444444,0.4444444444444444,0.5555555555555556,0.2222222222222222,0.2222222222222222,0.48148148148148145,0.4166666666666667
0,17462,10,9,Ethel Rogers,2.0,0.0,0.5,0.0,4.5,4.5,2.0,2.5,5.5,3.6666666666666665,4.125,0.6111111111111112,0.6111111111111112,0.8888888888888888,0.8333333333333334,0.5,0.7037037037037037,0.6527777777777778
17463,21070,9,0,Lawrence John Wargrave,1.0,0.0,1.0,1.0,3.0,2.5,3.5,2.5,2.5,3.0,2.875,0.75,0.8125,0.6875,0.8125,0.8125,0.75,0.765625
17463,21070,9,1,Vera Elizabeth Claythorne,1.0,0.0,1.0,1.0,3.0,2.5,3.5,2.5,2.5,3.0,2.875,0.75,0.8125,0.6875,0.8125,0.8125,0.75,0.765625
17463,21070,9,2,Philip Lombard,,,,,7.5,7.5,7.5,7.5,7.5,7.5,7.5,0.1875,0.1875,0.1875,0.1875,0.1875,0.1875,0.1875
17463,21070,9,3,Edward George Armstrong,1.0,0.0,1.0,1.0,3.0,2.5,3.5,2.5,2.5,3.0,2.875,0.75,0.8125,0.6875,0.8125,0.8125,0.75,0.765625
17463,21070,9,4,William Henry Blore,,,,,7.5,7.5,7.5,7.5,7.5,7.5,7.5,0.1875,0.1875,0.1875,0.1875,0.1875,0.1875,0.1875
17463,21070,9,5,Emily Brent,,,,,7.5,7.5,7.5,7.5,7.5,7.5,7.5,0.1875,0.1875,0.1875,0.1875,0.1875,0.1875,0.1875
17463,21070,9,6,John Gordon Macarthur,1.0,1.0,1.125,0.0,3.0,5.0,1.0,5.0,5.0,3.0,3.5,0.75,0.5,1.0,0.5,0.5,0.75,0.6875
17463,21070,9,8,Thomas Rogers,1.0,0.0,1.0,1.0,3.0,2.5,3.5,2.5,2.5,3.0,2.875,0.75,0.8125,0.6875,0.8125,0.8125,0.75,0.765625
17463,21070,9,9,Ethel Rogers,,,,,7.5,7.5,7.5,7.5,7.5,7.5,7.5,0.1875,0.1875,0.1875,0.1875,0.1875,0.1875,0.1875
21071,32904,8,0,Lawrence John Wargrave,,0.0,,,8.0,8.0,8.0,2.5,5.5,8.0,7.375,0.0,0.0,0.0,0.7857142857142857,0.35714285714285715,0.0,0.08928571428571429
21071,32904,8,1,Vera Elizabeth Claythorne,3.0,0.0,0.3333,0.3636,3.0,1.5,5.5,2.5,5.5,3.3333333333333335,3.875,0.7142857142857143,0.9285714285714286,0.35714285714285715,0.7857142857142857,0.35714285714285715,0.6666666666666666,0.5892857142857143
21071,32904,8,2,Philip Lombard,2.5,0.5,0.5833,0.3375,5.0,6.0,2.0,6.5,2.5,4.333333333333333,3.875,0.42857142857142855,0.2857142857142857,0.8571428571428571,0.21428571428571427,0.7857142857142857,0.5238095238095238,0.5892857142857143
21071,32904,8,3,Edward George Armstrong,5.0,0.3333,0.3763,0.2032,1.0,3.0,1.0,5.0,1.0,1.6666666666666667,1.5,1.0,0.7142857142857143,1.0,0.42857142857142855,1.0,0.9047619047619048,0.9285714285714286
21071,32904,8,4,William Henry Blore,2.0,0.6667,0.7044,0.3583,6.5,7.0,4.0,8.0,8.0,5.833333333333333,6.375,0.21428571428571427,0.14285714285714285,0.5714285714285714,0.0,0.0,0.3095238095238096,0.23214285714285715
21071,32904,8,5,Emily Brent,2.0,0.0,0.5,0.531,6.5,4.0,7.0,2.5,5.5,5.833333333333333,5.75,0.21428571428571427,0.5714285714285714,0.14285714285714285,0.7857142857142857,0.35714285714285715,0.3095238095238096,0.32142857142857145
21071,32904,8,6,John Gordon Macarthur,3.0,0.0,0.3333,0.3636,3.0,1.5,5.5,2.5,5.5,3.3333333333333335,3.875,0.7142857142857143,0.9285714285714286,0.35714285714285715,0.7857142857142857,0.35714285714285715,0.6666666666666666,0.5892857142857143
21071,32904,8,8,Thomas Rogers,3.0,0.5,0.5619,0.3499,3.0,5.0,3.0,6.5,2.5,3.6666666666666665,3.375,0.7142857142857143,0.42857142857142855,0.7142857142857143,0.21428571428571427,0.7857142857142857,0.6190476190476192,0.6607142857142857
32905,41438,7,0,Lawrence John Wargrave,2.0,0.6667,0.6944,0.1557,4.0,3.0,4.0,5.0,5.0,3.6666666666666665,4.0,0.5,0.6666666666666666,0.5,0.3333333333333333,0.3333333333333333,0.5555555555555556,0.5
32905,41438,7,1,Vera Elizabeth Claythorne,2.0,0.6667,0.7044,0.1897,4.0,4.5,5.0,5.0,5.0,4.5,4.625,0.5,0.4166666666666667,0.3333333333333333,0.3333333333333333,0.3333333333333333,0.4166666666666667,0.3958333333333333
32905,41438,7,2,Philip Lombard,2.0,0.6667,0.7044,0.1317,4.0,4.5,3.0,5.0,5.0,3.8333333333333335,4.125,0.5,0.4166666666666667,0.6666666666666666,0.3333333333333333,0.3333333333333333,0.5277777777777778,0.4791666666666667
32905,41438,7,3,Edward George Armstrong,2.3333,0.3333,0.6111,0.0285,2.0,2.0,2.0,3.0,1.0,2.0,1.75,0.8333333333333334,0.8333333333333334,0.8333333333333334,0.6666666666666666,1.0,0.8333333333333334,0.875
32905,41438,7,4,William Henry Blore,1.0,1.0,1.125,0.0,6.5,7.0,1.0,7.0,7.0,4.833333333333333,5.375,0.08333333333333333,0.0,1.0,0.0,0.0,0.36111111111111116,0.2708333333333333
32905,41438,7,5,Emily Brent,3.0,0.0,0.3333,0.2103,1.0,1.0,6.0,1.5,2.5,2.6666666666666665,2.625,1.0,1.0,0.16666666666666666,0.9166666666666666,0.75,0.7222222222222223,0.7291666666666666
32905,41438,7,8,Thomas Rogers,1.0,0.0,1.0,1.0,6.5,6.0,7.0,1.5,2.5,6.5,5.5,0.08333333333333333,0.16666666666666666,0.0,0.9166666666666666,0.75,0.08333333333333333,0.25
