canonical_id_left	name_left	role_left	word	lemma	index	negated	gender_left	name_variants_left	canonical_id_right	name_right	role_right	gender_right	name_variants_right	is_new
0	Lawrence John Wargrave	agent	seen	see	401	False	m		25	Constance Culmington	patient	f		False
37	Owen	agent	received	receive	623	False	m		1	Vera Elizabeth Claythorne	patient	f		False
1	Vera Elizabeth Claythorne	agent	think	think	908	True	f		14	Hugo Hamilton	patient	m		False
1	Vera Elizabeth Claythorne	agent	think	think	1030	True	f		14	Hugo Hamilton	patient	m		False
0	Lawrence John Wargrave	agent	give	give	1310	True	m		2	Philip Lombard	patient	m		False
1	Vera Elizabeth Claythorne	agent	'm	be	4622	False	f		37	Owen	patient	m		False
6	John Gordon Macarthur	agent	said	say	5224	False	m		2	Philip Lombard	patient	m		False
6	John Gordon Macarthur	agent	ask	ask	5268	False	m		2	Philip Lombard	patient	m		False
0	Lawrence John Wargrave	agent	looked	look	5522	False	m		4	William Henry Blore	patient	m		False
11	Fred Narracott	agent	set	set	6188	True	m		37	Owen	patient	m		False
1	Vera Elizabeth Claythorne	agent	followed	follow	6969	False	f		9	Ethel Rogers	patient	f		False
1	Vera Elizabeth Claythorne	agent	looked	look	7104	False	f		9	Ethel Rogers	patient	f		False
37	Owen	agent	mention	mention	7259	True	m		1	Vera Elizabeth Claythorne	patient	f		False
9	Ethel Rogers	agent	seen	see	7273	True	f		37	Owen	patient	m		False
3	Edward George Armstrong	agent	stared	star	8554	False	m		0	Lawrence John Wargrave	patient	m		False
0	Lawrence John Wargrave	agent	asked	ask	8735	False	m		8	Thomas Rogers	patient	m		False
8	Thomas Rogers	agent	stared	star	8751	False	m		0	Lawrence John Wargrave	patient	m		False
1	Vera Elizabeth Claythorne	agent	asking	ask	9398	False	f		4	William Henry Blore	patient	m		False
5	Emily Brent	agent	looked	look	9624	False	f		1	Vera Elizabeth Claythorne	patient	f		False
1	Vera Elizabeth Claythorne	agent	looked	look	9631	False	f		5	Emily Brent	patient	f		False
1	Vera Elizabeth Claythorne	agent	say	say	9862	False	m		37	Owen	patient	m		False
3	Edward George Armstrong	agent	came	come	9936	False	m		1	Vera Elizabeth Claythorne	patient	f		False
2	Philip Lombard	agent	said	say	10530	False	m		8	Thomas Rogers	patient	m		False
3	Edward George Armstrong	agent	stared	star	11044	False	m		0	Lawrence John Wargrave	patient	m		False
8	Thomas Rogers	agent	speak	speak	11187	False	m		9	Ethel Rogers	patient	f		False
3	Edward George Armstrong	agent	spoke	speak	11255	False	m		9	Ethel Rogers	patient	f		False
3	Edward George Armstrong	agent	bent	bend	11345	False	m		9	Ethel Rogers	patient	f		False
8	Thomas Rogers	agent	stared	star	11468	False	m		0	Lawrence John Wargrave	patient	m		False
0	Lawrence John Wargrave	agent	looked	look	11726	False	m		2	Philip Lombard	patient	m		False
3	Edward George Armstrong	agent	give	give	11902	False	m		0	Lawrence John Wargrave	patient	m		False
0	Lawrence John Wargrave	agent	know	know	12187	False	m		37	Owen	patient	m		False
8	Thomas Rogers	agent	seen	see	12212	True	m		37	Owen	patient	m		False
10	Isaac Morris	agent	seen	see	12233	True	m		37	Owen	patient	m		False
0	Lawrence John Wargrave	agent	stared	star	12582	False	m		4	William Henry Blore	patient	m		False
7	Anthony James Marston	agent	standing	stand	12592	False	m		4	William Henry Blore	patient	m		False
10	Isaac Morris	agent	drawn	draw	12644	False	m		0	Lawrence John Wargrave	patient	m		False
0	Lawrence John Wargrave	agent	turned	turn	13265	False	m		4	William Henry Blore	patient	m		False
7	Anthony James Marston	agent	moved	move	13513	False	m		4	William Henry Blore	patient	m		False
0	Lawrence John Wargrave	agent	seen	see	13935	True	m		25	Constance Culmington	patient	f		False
37	Owen	agent	accuses	accuse	14263	False	m		0	Lawrence John Wargrave	patient	m		False
0	Lawrence John Wargrave	agent	remember	remember	14274	False	m		13	Edward Seton	patient	m		False
13	Edward Seton	agent	came	come	14280	False	m		0	Lawrence John Wargrave	patient	m		False
0	Lawrence John Wargrave	agent	passed	pass	14406	False	m		13	Edward Seton	patient	m		False
3	Edward George Armstrong	agent	met	meet	14435	False	m		29	Matthews	patient	m		False
0	Lawrence John Wargrave	agent	know	know	14553	False	m		13	Edward Seton	patient	m		False
1	Vera Elizabeth Claythorne	agent	swam	swam	14671	False	f		15	Cyril Ogilvie Hamilton	patient	m		False
6	John Gordon Macarthur	agent	patted	pat	14751	False	m		1	Vera Elizabeth Claythorne	patient	f		False
37	Owen	agent	said	say	14841	False	m		19	Arthur Richmond	patient	m		False
9	Ethel Rogers	agent	were	be	15435	False	f		22	Jennifer Brady	patient	f		False
2	Philip Lombard	agent	looked	look	15551	False	m		37	Owen	patient	m		False
5	Emily Brent	agent	glanced	glance	15908	False	f		3	Edward George Armstrong	patient	m		False
3	Edward George Armstrong	agent	killed	kill	16088	False	m		21	Louisa Mary Clees	patient	f		False
8	Thomas Rogers	agent	beg	beg	16468	False	m		1	Vera Elizabeth Claythorne	patient	f		False
3	Edward George Armstrong	agent	went	go	16760	False	m		7	Anthony James Marston	patient	m		False
3	Edward George Armstrong	agent	peering	peer	16860	False	m		7	Anthony James Marston	patient	m		False
3	Edward George Armstrong	agent	carried	carry	17442	False	m		7	Anthony James Marston	patient	m		False
3	Edward George Armstrong	agent	laid	lay	17454	False	m		7	Anthony James Marston	patient	m		False
3	Edward George Armstrong	agent	said	say	17581	False	m		8	Thomas Rogers	patient	m		False
0	Lawrence John Wargrave	agent	thinking	think	17844	False	m		13	Edward Seton	patient	m		False
0	Lawrence John Wargrave	agent	remembered	remember	17850	False	m		13	Edward Seton	patient	m		False
0	Lawrence John Wargrave	agent	cooked	cook	18140	False	m		13	Edward Seton	patient	m		False
6	John Gordon Macarthur	agent	liked	like	18248	False	m		19	Arthur Richmond	patient	m		False
20	Leslie Macarthur	agent	liked	like	18264	False	f		19	Arthur Richmond	patient	m		False
	Coroner	agent	acquit	acquit	857	false			1	Vera Elizabeth Claythorne	patient			True
	Coroner	agent	complimented	compliment	867	false			1	Vera Elizabeth Claythorne	patient			True
10	Isaac Morris	agent	am empowered to hand	empower	1362	false			2	Philip Lombard	patient			True
2	Philip Lombard	agent	had darted	dart	1464	false			10	Isaac Morris	patient			True
0	Lawrence John Wargrave	agent	followed	follow	4275	false			5	Emily Brent	patient			True
1	Vera Elizabeth Claythorne	agent	am	be	5016	false			37	Owen	patient			True
30	Badger Berkeley	agent	let	let	6901	false			7	Anthony James Marston	patient			True
3	Edward George Armstrong	agent	chatted	chat	7980	false			11	Fred Narracott	patient			True
3	Edward George Armstrong	agent	seen	see	8285	false			0	Lawrence John Wargrave	patient			True
3	Edward George Armstrong	agent	given	evidence	8319	false			0	Lawrence John Wargrave	patient			True
3	Edward George Wargrave	agent	go and pay	go	8484	false			37	Owen	patient			True
0	Lawrence John Wargrave	agent	didn't care	care	8685	true			1	Vera Elizabeth Claythorne	patient			True
	All 10	agent	talk	talk	9343	false				All 10	patient			True
3	Edward George Armstrong	agent	listening	listen	9377	false			0	Lawrence John Wargrave	patient			True
	Anthony Marston	agent	listening	listen	9377	false			0	Lawrence John Wargrave	patient			True
5	Emily Brent	agent	chatted	chat	9383	false			6	John Gordon Macarthur	patient			True
37	Owen	agent	get	get	9782	false			8	Thomas Rogers	patient			True
37	Owen	agent	get	get	9782	false			9	Ethel Rogers	patient			True
5	Emily Brent	agent	met	vera	9889	false			37	Owen	patient			True
	All 10	agent	looked	look	10111	false				All 10	patient			True
3	Edward George Armstrong	agent	cause	cause	10160	false			21	Louisa Mary Clees	patient			True
	Emily Caroline Brent	agent	were responsible	be	10181	false			17	Beatrice Taylor	patient			True
	Wiliam Henry Blore	agent	brought about	bring	10196	false			18	James Stephen Landor	patient			True
1	Vera Elizabeth Claythorne	agent	killed	kill	10225	false				Cyril Oglivie Hamilton	patient			True
6	John Gordon Macarthur	agent	sent	send	10274	false			19	Arthur Richmond	patient			True
7	Anthony James Marston	agent	were guilty	be	10301	false			24	John Combes	patient			True
7	Anthony James Marston	agent	were guilty	be	10301	false			23	Lucy Combes	patient			True
8	Thomas Rogers	agent	brought about	bring	10328	false			22	Jennifer Brady	patient			True
9	Ethel Rogers	agent	brought about	bring	10328	false			22	Jennifer Brady	patient			True
0	Lawrence John Wargrave	agent	were guilty	be	10351	false			13	Edward Seton	patient			True
7	Anthony James Marston	agent	help	help	10463	false			2	Philip Lombard	patient			True
2	Philip Lombard	agent	lifted	lift	10470	false			9	Ethel Rogers	patient			True
7	Anthony James Marston	agent	lifted	lift	10470	false			9	Ethel Rogers	patient			True
2	Philip Lombard	agent	carried	carry	10475	false			9	Ethel Rogers	patient			True
7	Anthony James Marston	agent	carried	carry	10475	false			9	Ethel Rogers	patient			True
3	Edward George Armstrong	agent	helped	help	10490	false			2	Philip Lombard	patient			True
3	Edward George Armstrong	agent	helped	help	10490	false			7	Anthony James Marston	patient			True
3	Edward George Armstrong	agent	bent over	bend	10499	false			9	Ethel Rogers	patient			True
	Emily Caroline Brent	agent	bending over	bend	11161	false			9	Ethel Rogers	patient			True
3	Edward George Armstrong	agent	given	give	12071	false			9	Ethel Rogers	patient			True
8	Thomas Rogers	agent	tell	tell	12181	false			0	Lawrence John Wargrave	patient			True
0	Lawrence John Wargrave	agent	let	let	12516	false			4	William Henry Blore	patient			True
0	Lawrence John Wargrave	agent	am obliged	oblige	12635	false			7	Anthony James Marston	patient			True
	Emily Caroline Brent	agent	am acquainted	acquaint	12829	false			31	Oliver	patient			True
	Emily Caroline Brent	agent	am acquainted	acquaint	12829	false			32	Ogden	patient			True
	Emily Caroline Brent	agent	never met	meet	12849	true			37	Owen	patient			True
30	Badger Berkeley	agent	Told	say	12987	false			7	Anthony James Marston	patient			True
2	Philip Lombard	agent	staring	star	13071	false			4	William Henry Blore	patient			True
37	Owen	agent	instructed	instruct	13623	false			4	William Henry Blore	patient			True
4	William Henry Blore	agent	don't believe	person	13689	false			37	Owen	patient			True
0	Lawrence John Wargrave	agent	knew nothing	know	14584	false			13	Edward Seton	patient			True
	Coroner	agent	exonerated	blame	14718	true			1	Vera Elizabeth Claythorne	patient			True
16	Mrs. Hamilton	agent	didn't blame	it	14732	false			1	Vera Elizabeth Claythorne	patient			True
7	Anthony James Marston	agent	ran	run	15136	false			24	John Combes	patient			True
7	Anthony James Marston	agent	ran	run	15136	false			23	Lucy Combes	patient			True
8	Thomas Rogers	agent	were	Miss	15437	false			22	Jennifer Brady	patient			True
2	Philip Lombard	agent	carried	of	17446	false			7	Anthony James Marston	patient			True
2	Philip Lombard	agent	laid	downstairs	17466	false			7	Anthony James Marston	patient			True
6	John Gordon Macarthur	agent	seeing	keep	18239	false			19	Arthur Richmond	patient			True
20	Leslie Macarthur	agent	hadn't found	find	18301	true				Arthur Riochmond	patient			True
20	Leslie Macarthur	agent	teased	tease	18329	false			19	Arthur Richmond	patient			True
20	Leslie Macarthur	agent	ragged	rag	18337	false			19	Arthur Richmond	patient			True
6	John Gordon Macarthur	agent	loved	love	18385	false			20	Leslie Macarthur	patient			True
6	John Gordon Macarthur	agent	see	see	18390	false			20	Leslie Macarthur	patient			True
6	John Gordon Macarthur	agent	believed in	believe	18421	false			20	Leslie Macarthur	patient			True
6	John Gordon Macarthur	agent	sent	send	18705	false			19	Arthur Richmond	patient			True
20	Leslie Macarthur	agent	wept	weep	18853	false			19	Arthur Richmond	patient			True
1	Vera Elizabeth Claythorne	agent	think	of	19626	false			14	Hugo Hamilton	patient			True
14	Hugo Hamilton	agent	love	love	19757	false			1	Vera Elizabeth Claythorne	patient			True
14	Hugo Hamilton	agent	can't ask	ask	19789	true			1	Vera Elizabeth Claythorne	patient			True
14	Hugo Hamilton	agent	m awfully fond	I	19912	false			15	Cyril Ogilvie Hamilton	patient			True
15	Cyril Ogilvie Hamilton	agent	was fond	he	19921	false			14	Hugo Hamilton	patient			True
20	Leslie Macarthur	agent	teased	tease	18329	False	f		19	Arthur Richmond	patient	m		False
20	Leslie Macarthur	agent	made	make	18332	False	f		19	Arthur Richmond	patient	m		False
20	Leslie Macarthur	agent	ragged	rag	18337	False	f		19	Arthur Richmond	patient	m		False
19	Arthur Richmond	agent	was	be	18372	False	m		20	Leslie Macarthur	patient	f		False
6	John Gordon Macarthur	agent	loved	love	18385	False	m		20	Leslie Macarthur	patient	f		False
6	John Gordon Macarthur	agent	see	see	18390	False	m		20	Leslie Macarthur	patient	f		False
6	John Gordon Macarthur	agent	loved	love	18416	False	m		20	Leslie Macarthur	patient	f		False
6	John Gordon Macarthur	agent	believed	believe	18421	False	m		20	Leslie Macarthur	patient	f		False
6	John Gordon Macarthur	agent	taken	take	18448	False	m		20	Leslie Macarthur	patient	f		False
20	Leslie Macarthur	agent	put	put	18497	False	f		19	Arthur Richmond	patient	m		False
28	Armitage	agent	looked	look	18669	False	m		6	John Gordon Macarthur	patient	m		False
28	Armitage	agent	sent	send	18705	False	m		19	Arthur Richmond	patient	m		False
20	Leslie Macarthur	agent	wept	weep	18853	False	f		19	Arthur Richmond	patient	m		False
14	Hugo Hamilton	agent	love	love	19757	False	m		0	Lawrence John Wargrave	patient	m		False
14	Hugo Hamilton	agent	love	love	19761	False	m		0	Lawrence John Wargrave	patient	m		False
14	Hugo Hamilton	agent	love	love	19767	False	m		0	Lawrence John Wargrave	patient	m		False
14	Hugo Hamilton	agent	ask marry	ask marry	19789	True	m		0	Lawrence John Wargrave	patient	m		False
1	Vera Elizabeth Claythorne	agent	remembered	remember	20077	False	f		7	Anthony James Marston	patient	m		False
3	Edward George Armstrong	agent	followed	follow	20672	False	m		8	Thomas Rogers	patient	m		False
8	Thomas Rogers	agent	stared	star	20947	False	m		3	Edward George Armstrong	patient	m		False
4	William Henry Blore	agent	said	say	21296	False	m		2	Philip Lombard	patient	m		False
3	Edward George Armstrong	agent	turned	turn	21862	False	m		5	Emily Brent	patient	f		False
9	Ethel Rogers	agent	accused	accuse	21897	False	f		37	Owen	patient	m		False
4	William Henry Blore	agent	bet	bet	22208	False	m		3	Edward George Armstrong	patient	m		False
8	Thomas Rogers	agent	assures	assure	22225	False	m		3	Edward George Armstrong	patient	m		False
3	Edward George Armstrong	agent	looked	look	22256	False	m		4	William Henry Blore	patient	m		False
8	Thomas Rogers	agent	polished	polish	22322	False	m		9	Ethel Rogers	patient	f		False
4	William Henry Blore	agent	looked	look	23001	False	m		2	Philip Lombard	patient	m		False
4	William Henry Blore	agent	viewed	view	23137	False	m		6	John Gordon Macarthur	patient	m		False
2	Philip Lombard	agent	thank	thank	23409	False	m		0	Lawrence John Wargrave	patient	m		False
3	Edward George Armstrong	agent	turned	turn	23463	False	m		0	Lawrence John Wargrave	patient	m		False
8	Thomas Rogers	agent	have	have	23483	False	m		0	Lawrence John Wargrave	patient	m		False
8	Thomas Rogers	agent	have	have	23549	False	m		0	Lawrence John Wargrave	patient	m		False
8	Thomas Rogers	agent	followed	follow	23616	False	m		3	Edward George Armstrong	patient	m		False
0	Lawrence John Wargrave	agent	believe	believe	23897	True	m		8	Thomas Rogers	patient	m		False
5	Emily Brent	agent	suggested	suggest	23934	False	f		1	Vera Elizabeth Claythorne	patient	f		False
1	Vera Elizabeth Claythorne	agent	said	say	24472	False	f		5	Emily Brent	patient	f		False
5	Emily Brent	agent	understand	understand	24572	False	f		0	Lawrence John Wargrave	patient	m		False
5	Emily Brent	agent	keep	keep	24913	True	f		17	Beatrice Taylor	patient	f		False
5	Emily Brent	agent	said	say	25083	False	f		17	Beatrice Taylor	patient	f		False
5	Emily Brent	agent	turned	turn	25122	False	f		1	Vera Elizabeth Claythorne	patient	f		False
3	Edward George Armstrong	agent	speak	speak	25320	False	m		0	Lawrence John Wargrave	patient	m		False
0	Lawrence John Wargrave	agent	accept	accept	25461	False	m		4	William Henry Blore	patient	m		False
3	Edward George Armstrong	agent	asked	ask	25567	False	m		8	Thomas Rogers	patient	m		False
3	Edward George Armstrong	agent	beg	beg	25753	False	m		1	Vera Elizabeth Claythorne	patient	f		False
0	Lawrence John Wargrave	agent	tell	tell	26079	False	m		2	Philip Lombard	patient	m		False
3	Edward George Armstrong	agent	prompted	prompt	26256	False	m		2	Philip Lombard	patient	m		False
2	Philip Lombard	agent	believe	believe	26319	False	m		7	Anthony James Marston	patient	m		False
2	Philip Lombard	agent	believe	believe	26338	False	m		9	Ethel Rogers	patient	f		False
8	Thomas Rogers	agent	put	put	26360	False	m		9	Ethel Rogers	patient	f		False
3	Edward George Armstrong	agent	give	give	26405	False	m		0	Lawrence John Wargrave	patient	m		False
8	Thomas Rogers	agent	given	give	26422	False	m		3	Edward George Armstrong	patient	m		False
2	Philip Lombard	agent	took	take	26567	False	m		3	Edward George Armstrong	patient	m		False
1	Vera Elizabeth Claythorne	agent	avoided	avoid	28420	False	f		5	Emily Brent	patient	f		False
1	Vera Elizabeth Claythorne	agent	thought	think	28461	False	f		5	Emily Brent	patient	f		False
1	Vera Elizabeth Claythorne	agent	looked	look	28543	False	f		0	Lawrence John Wargrave	patient	m		False
6	John Gordon Macarthur	agent	stirred	stir	28633	False	m		1	Vera Elizabeth Claythorne	patient	f		False
6	John Gordon Macarthur	agent	stared	star	28660	False	m		1	Vera Elizabeth Claythorne	patient	f		False
1	Vera Elizabeth Claythorne	agent	sat	sit	28706	False	f		6	John Gordon Macarthur	patient	m		False
1	Vera Elizabeth Claythorne	agent	understand	understand	28944	True	f		0	Lawrence John Wargrave	patient	m		False
6	John Gordon Macarthur	agent	loved	love	28972	False	m		20	Leslie Macarthur	patient	f		False
6	John Gordon Macarthur	agent	loved	love	28976	False	m		20	Leslie Macarthur	patient	f		False
6	John Gordon Macarthur	agent	loved	love	29001	False	m		20	Leslie Macarthur	patient	f		False
6	John Gordon Macarthur	agent	loved	love	29039	False	m		20	Leslie Macarthur	patient	f		False
6	John Gordon Macarthur	agent	sent	send	29089	False	m		19	Arthur Richmond	patient	m		False
6	John Gordon Macarthur	agent	sent	send	29089	False	m		19	Arthur Richmond	patient	m		False
6	John Gordon Macarthur	agent	know	know	29227	True	m		20	Leslie Macarthur	patient	f		False
6	John Gordon Macarthur	agent	reach	reach	29242	True	m		20	Leslie Macarthur	patient	f		False
4	William Henry Blore	agent	found	find	29394	False	m		3	Edward George Armstrong	patient	m		False
4	William Henry Blore	agent	left staring	leave star	29399	False	m		3	Edward George Armstrong	patient	m		False
3	Edward George Armstrong	agent	thinking	think	29483	False	m		6	John Gordon Macarthur	patient	m		False
3	Edward George Armstrong	agent	studied	study	29571	True	m		6	John Gordon Macarthur	patient	m		False
4	William Henry Blore	agent	trust	trust	29800	True	m		2	Philip Lombard	patient	m		False
3	Edward George Armstrong	agent	say	say	30204	False	m		8	Thomas Rogers	patient	m		False
3	Edward George Armstrong	agent	grasped	grasp	30352	False	m		4	William Henry Blore	patient	m		False
4	William Henry Blore	agent	said	say	30988	False	m		9	Ethel Rogers	patient	f		False
6	John Gordon Macarthur	agent	thinking	her	18449	false			20	Leslie Macarthur	patient			True
0	Lawrence John Wargrave	agent	give	give	31073	False	m		9	Ethel Rogers	patient	f		False
3	Edward George Armstrong	agent	stared	star	31083	False	m		4	William Henry Blore	patient	m		False
3	Edward George Armstrong	agent	give	give	31105	False	m		9	Ethel Rogers	patient	f		False
3	Edward George Armstrong	agent	gave	give	31135	False	m		9	Ethel Rogers	patient	f		False
0	Lawrence John Wargrave	agent	give	give	31169	True	m		9	Ethel Rogers	patient	f		False
3	Edward George Armstrong	agent	gave	give	31257	False	m		9	Ethel Rogers	patient	f		False
2	Philip Lombard	agent	said	say	31375	False	m		4	William Henry Blore	patient	m		False
10	Isaac Morris	agent	shut	shut	31450	False	m		4	William Henry Blore	patient	m		False
10	Isaac Morris	agent	offered	offer	31686	False	m		2	Philip Lombard	patient	m		False
10	Isaac Morris	agent	told	tell	31746	False	m		0	Lawrence John Wargrave	patient	m		False
8	Thomas Rogers	agent	addressed	address	32363	False	m		5	Emily Brent	patient	f		False
8	Thomas Rogers	agent	inform	inform	32433	False	m		6	John Gordon Macarthur	patient	m		False
3	Edward George Armstrong	agent	heard	hear	32469	False	m		8	Thomas Rogers	patient	m		False
8	Thomas Rogers	agent	saw	see	32834	False	m		1	Vera Elizabeth Claythorne	patient	f		False
3	Edward George Armstrong	agent	tell	tell	33355	False	m		0	Lawrence John Wargrave	patient	m		False
0	Lawrence John Wargrave	agent	turned	turn	33530	False	m		1	Vera Elizabeth Claythorne	patient	f		False
0	Lawrence John Wargrave	agent	ask	ask	33685	False	m		4	William Henry Blore	patient	m		False
0	Lawrence John Wargrave	agent	said	say	33786	False	m		2	Philip Lombard	patient	m		False
0	Lawrence John Wargrave	agent	seeing	see	34371	False	m		1	Vera Elizabeth Claythorne	patient	f		False
6	John Gordon Macarthur	agent	like	like	34396	True	m		1	Vera Elizabeth Claythorne	patient	f		False
0	Lawrence John Wargrave	agent	bowed	bow	34430	False	m		5	Emily Brent	patient	f		False
2	Philip Lombard	agent	said	say	34591	False	m		8	Thomas Rogers	patient	m		False
0	Lawrence John Wargrave	agent	looked	look	34601	False	m		2	Philip Lombard	patient	m		False
2	Philip Lombard	agent	taken	take	34761	False	m		9	Ethel Rogers	patient	f		False
8	Thomas Rogers	agent	killing	kill	34741	False	m		9	Ethel Rogers	patient	f		False
9	Ethel Rogers	agent	giving	give	34753	False	f		8	Thomas Rogers	patient	m		False
2	Philip Lombard	agent	see	see	34790	True	m		8	Thomas Rogers	patient	m		False
3	Edward George Armstrong	agent	sent	send	35411	False	m		8	Thomas Rogers	patient	m		False
3	Edward George Armstrong	agent	gave	give	35587	False	m		9	Ethel Rogers	patient	f		False
4	William Henry Blore	agent	get	get	35669	True	m		0	Lawrence John Wargrave	patient	m		False
3	Edward George Armstrong	agent	given	give	35697	False	m		9	Ethel Rogers	patient	f		False
0	Lawrence John Wargrave	agent	turned	turn	36694	False	m		5	Emily Brent	patient	f		False
5	Emily Brent	agent	took	take	36720	False	f		1	Vera Elizabeth Claythorne	patient	f		False
1	Vera Elizabeth Claythorne	agent	was	be	36811	False	f		5	Emily Brent	patient	f		False
6	John Gordon Macarthur	agent	frightened	frighten	36967	False	m		1	Vera Elizabeth Claythorne	patient	f		False
2	Philip Lombard	agent	murmured	murmur	37177	False	m		1	Vera Elizabeth Claythorne	patient	f		False
10	Isaac Morris	agent	strike	strike	37804	False	m		2	Philip Lombard	patient	m		False
1	Vera Elizabeth Claythorne	agent	see	see	37902	True	f		0	Lawrence John Wargrave	patient	m		False
2	Philip Lombard	agent	plump	plump	37993	False	m		0	Lawrence John Wargrave	patient	m		False
1	Vera Elizabeth Claythorne	agent	answered	answer	38150	False	f		3	Edward George Armstrong	patient	m		False
2	Philip Lombard	agent	put	put	38175	False	m		3	Edward George Armstrong	patient	m		False
3	Edward George Armstrong	agent	gave	give	38233	False	m		9	Ethel Rogers	patient	f		False
2	Philip Lombard	agent	left	leave	38308	True	m		3	Edward George Armstrong	patient	m		False
2	Philip Lombard	agent	looked	look	38448	False	m		1	Vera Elizabeth Claythorne	patient	f		False
3	Edward George Armstrong	agent	stared	star	39132	False	m		0	Lawrence John Wargrave	patient	m		False
3	Edward George Armstrong	agent	stared	star	39198	False	m		0	Lawrence John Wargrave	patient	m		False
2	Philip Lombard	agent	found	find	40889	False	m		3	Edward George Armstrong	patient	m		False
5	Emily Brent	agent	assure	assure	41159	False	f		0	Lawrence John Wargrave	patient	m		False
5	Emily Brent	agent	seen	see	41201	True	f		8	Thomas Rogers	patient	m		False
1	Vera Elizabeth Claythorne	agent	caught	catch	41312	False	f		0	Lawrence John Wargrave	patient	m		False
1	Vera Elizabeth Claythorne	agent	made	make	41324	False	f		0	Lawrence John Wargrave	patient	m		False
3	Edward George Armstrong	agent	struck	strike	41875	False	m		1	Vera Elizabeth Claythorne	patient	f		False
0	Lawrence John Wargrave	agent	suspect	suspect	42700	True	m		2	Philip Lombard	patient	m		False
2	Philip Lombard	agent	take	take	42811	False	m		0	Lawrence John Wargrave	patient	m		False
4	William Henry Blore	agent	stared	star	43077	False	m		2	Philip Lombard	patient	m		False
4	William Henry Blore	agent	tell	tell	43114	False	m		0	Lawrence John Wargrave	patient	m		False
4	William Henry Blore	agent	demanded	demand	43237	False	m		0	Lawrence John Wargrave	patient	m		False
14	Hugo Hamilton	agent	looked	look	43466	False	m		1	Vera Elizabeth Claythorne	patient	f		False
5	Emily Brent	agent	dreamed	dream	43884	False	f		17	Beatrice Taylor	patient	f		False
3	Edward George Armstrong	agent	came	come	44422	False	m		5	Emily Brent	patient	f		False
3	Edward George Armstrong	agent	give	give	44435	False	m		0	Lawrence John Wargrave	patient	m		False
5	Emily Brent	agent	see	see	44728	False	f		17	Beatrice Taylor	patient	f		False
1	Vera Elizabeth Claythorne	agent	fetch	fetch	44859	False	f		5	Emily Brent	patient	f		False
10	Isaac Morris	agent	judge	judge	45014	True	m		5	Emily Brent	patient	f		False
5	Emily Brent	agent	told	tell	45084	False	f		1	Vera Elizabeth Claythorne	patient	f		False
5	Emily Brent	agent	tell	tell	45097	False	f		0	Lawrence John Wargrave	patient	m		False
0	Lawrence John Wargrave	agent	ask observe	ask observe	45269	False	m		3	Edward George Armstrong	patient	m		False
3	Edward George Armstrong	agent	looked	look	45877	False	m		0	Lawrence John Wargrave	patient	m		False
3	Edward George Armstrong	agent	looked	look	45877	False	m		1	Vera Elizabeth Claythorne	patient	f		False
3	Edward George Armstrong	agent	tell	tell	45890	False	m		0	Lawrence John Wargrave	patient	m		False
4	William Henry Blore	agent	looking	look	45902	False	m		2	Philip Lombard	patient	m		False
14	Hugo Hamilton	agent	was beside [be beside]	be	49061	False	m		1	Vera Elizabeth Claythorne	patient	f		False
3	Edward George Armstrong	agent	supported	support	49717	False	m		1	Vera Elizabeth Claythorne	patient	f		False
4	William Henry Blore	agent	knock	knock	50122	False	m		3	Edward George Armstrong	patient	f		False
0	Lawrence John Wargrave	agent	following	follow	50204	False	m		3	Edward George Armstrong	patient	m		False
1	Vera Elizabeth Claythorne	agent	said	say	51708	False	f		15	Cyril Ogilvie Hamilton	patient	m		False
1	Vera Elizabeth Claythorne	agent	tell	tell	51796	False	f		0	Lawrence John Wargrave	patient	m		False
14	Hugo Hamilton	agent	looked	look	52045	False	m		1	Vera Elizabeth Claythorne	patient	f		False
1	Vera Elizabeth Claythorne	agent	written	write	52083	False	f		14	Hugo Hamilton	patient	m		False
1	Vera Elizabeth Claythorne	agent	think	think	52104	True	f		14	Hugo Hamilton	patient	m		False
14	Hugo Hamilton	agent	was with [be with]	be	52141	False	m		1	Vera Elizabeth Claythorne	patient	f		False
4	William Henry Blore	agent	paused at [pause at]	pause	53546	False	m		3	Edward George Armstrong	patient	m		False
4	William Henry Blore	agent	speak	speak	53970	False	m		0	Lawrence John Wargrave	patient	m		False
2	Philip Lombard	agent	joined	join	54000	False	m		4	William Henry Blore	patient	m		False
4	William Henry Blore	agent	followed	follow	54186	False	m		2	Philip Lombard	patient	m		False
3	Edward George Armstrong	agent	inform	inform	54412	False	m		1	Vera Elizabeth Claythorne	patient	f		False
4	William Henry Blore	agent	tell	tell	54860	False	m		0	Lawrence John Wargrave	patient	m		False
4	William Henry Blore	agent	tell	tell	54941	False	m		0	Lawrence John Wargrave	patient	m		False
4	William Henry Blore	agent	find	find	55448	False	m		2	Philip Lombard	patient	m		False
2	Philip Lombard	agent	ask	ask	55940	False	m		4	William Henry Blore	patient	m		False
2	Philip Lombard	agent	pot	pot	55952	True	m		4	William Henry Blore	patient	m		False
2	Philip Lombard	agent	looked	look	56028	False	m		1	Vera Elizabeth Claythorne	patient	f		False
2	Philip Lombard	agent	stay	stay	56912	False	m		1	Vera Elizabeth Claythorne	patient	f		False
2	Philip Lombard	agent	not shoot [shoot]	shoot	56939	False	m		1	Vera Elizabeth Claythorne	patient	f		False
2	Philip Lombard	agent	come	come	57001	False	m		0	Lawrence John Wargrave	patient	m		False
2	Philip Lombard	agent	could shoot [shoot]	shoot	57043	False	m		4	William Henry Blore	patient	m		False
2	Philip Lombard	agent	lend	lend	57140	False	m		0	Lawrence John Wargrave	patient	m		False
10	Isaac Morris	agent	heard	hear	57325	False	m		4	William Henry Blore	patient	m		False
4	William Henry Blore	agent	may rid [may rid]	rid	57403	False	m		3	Edward George Armstrong	patient	m		False
0	Lawrence John Wargrave	agent	ask	ask	57433	False	m		2	Philip Lombard	patient	m		False
2	Philip Lombard	agent	looked	look	57558	False	m		1	Vera Elizabeth Claythorne	patient	f		False
2	Philip Lombard	agent	shoot	shoot	57580	True	m		0	Lawrence John Wargrave	patient	m		False
1	Vera Elizabeth Claythorne	agent	turned	turn	57619	False	f		2	Philip Lombard	patient	m		False
2	Philip Lombard	agent	looked	look	57790	False	m		1	Vera Elizabeth Claythorne	patient	f		False
1	Vera Elizabeth Claythorne	agent	come with [come with]	come	58046	False	f		2	Philip Lombard	patient	m		False
2	Philip Lombard	agent	grasped	grasp	58202	False	m		1	Vera Elizabeth Claythorne	patient	f		False
0	Lawrence John Wargrave	agent	find	find	58365	True	m		3	Edward George Armstrong	patient	m		False
0	Lawrence John Wargrave	agent	find	find	58357	True	m		3	Edward George Armstrong	patient	m		False
1	Vera Elizabeth Claythorne	agent	see	see	59304	True	f		2	Philip Lombard	patient	m		False
1	Vera Elizabeth Claythorne	agent	looked	look	59452	False	f		7	Anthony James Marston	patient	m		False
1	Vera Elizabeth Claythorne	agent	looked	look	59516	False	f		3	Edward George Armstrong	patient	m		False
1	Vera Elizabeth Claythorne	agent	leaned	lean	59610	False	f		2	Philip Lombard	patient	m		False
1	Vera Elizabeth Claythorne	agent	facing	face	59707	False	f		2	Philip Lombard	patient	m		False
0	Lawrence John Wargrave	agent	telling	tell	61610	False	m		12	Thomas Legge	patient	m		False
11	Fred Narracott	agent	override	override	61799	False	m		10	Isaac Morris	patient	m		False
19	Arthur Richmond	agent	serving	serve	62661	False	m		6	John Gordon Macarthur	patient	m		False
2	Philip Lombard	agent	pushed	push	64064	False	m		4	William Henry Blore	patient	m		False
2	Philip Lombard	agent	doped	dope	64075	False	m		1	Vera Elizabeth Claythorne	patient	f		False
2	Philip Lombard	agent	strung	string	64079	False	m		1	Vera Elizabeth Claythorne	patient	f		False
1	Vera Elizabeth Claythorne	agent	shot	shoot	64184	False	f		2	Philip Lombard	patient	m		False
1	Vera Elizabeth Claythorne	agent	toppled	topple	64195	False	f		4	William Henry Blore	patient	m		False
10	Isaac Morris	agent	interviewed	interview	67230	False	m		2	Philip Lombard	patient	m		False
1	Vera Elizabeth Claythorne	agent	drown	not	57832	false			15	Cyril Ogilvie Hamilton	patient			True
