canonical_id,fullname,count,sentence_ids
125,Vera Elizabeth Claythorne,668,"[26, 46, 47, 48, 49, 50, 52, 53, 54, 55, 56, 57, 58, 60, 221, 281, 282, 283, 286, 287, 295, 299, 305, 307, 308, 312, 313, 314, 316, 338, 339, 340, 342, 352, 362, 363, 366, 455, 481, 482, 483, 484, 485, 487, 488, 492, 495, 497, 498, 501, 503, 504, 508, 510, 513, 514, 520, 521, 522, 527, 528, 539, 542, 552, 553, 664, 673, 674, 675, 677, 678, 679, 681, 682, 683, 687, 688, 689, 692, 693, 696, 701, 702, 706, 729, 753, 769, 783, 942, 1004, 1031, 1032, 1068, 1069, 1110, 1111, 1112, 1261, 1272, 1276, 1277, 1459, 1460, 1461, 1462, 1463, 1470, 1471, 1474, 1476, 1478, 1479, 1483, 1484, 1485, 1486, 1487, 1488, 1491, 1506, 1509, 1510, 1511, 1512, 1513, 1514, 1516, 1517, 1518, 1611, 1615, 1626, 1633, 1655, 1660, 1704, 1840, 1841, 1848, 1849, 1850, 1851, 1852, 1853, 1854, 1855, 1856, 1859, 1861, 1862, 1863, 1872, 1873, 1878, 1879, 1880, 1882, 1887, 1888, 1889, 1890, 1895, 1906, 1908, 1909, 1910, 1911, 1913, 1914, 1915, 1917, 1918, 1920, 1924, 2163, 2164, 2167, 2172, 2174, 2175, 2176, 2177, 2179, 2180, 2181, 2183, 2184, 2188, 2194, 2198, 2202, 2203, 2204, 2206, 2211, 2221, 2230, 2232, 2233, 2440, 2441, 2442, 2447, 2448, 2458, 2471, 2477, 2479, 2480, 2481, 2483, 2489, 2530, 2531, 2548, 2549, 2587, 2589, 2590, 2646, 2648, 2649, 2665, 2697, 2728, 2729, 2734, 2739, 2740, 2742, 2744, 2746, 2760, 2774, 2775, 2778, 2779, 2786, 2787, 2788, 2791, 2794, 2795, 2797, 2798, 2799, 2800, 2801, 2808, 2809, 2813, 2814, 2816, 2817, 2820, 2821, 2825, 2830, 2832, 2834, 2835, 2919, 2924, 2958, 3022, 3028, 3047, 3048, 3049, 3062, 3071, 3072, 3073, 3076, 3078, 3079, 3080, 3087, 3089, 3090, 3092, 3093, 3094, 3095, 3096, 3097, 3099, 3100, 3103, 3110, 3112, 3188, 3189, 3190, 3191, 3193, 3194, 3195, 3196, 3198, 3202, 3206, 3208, 3209, 3240, 3262, 3263, 3267, 3281, 3282, 3291, 3293, 3310, 3311, 3316, 3318, 3319, 3320, 3325, 3326, 3327, 3328, 3331, 3352, 3353, 3359, 3381, 3401, 3419, 3422, 3424, 3425, 3427, 3428, 3429, 3430, 3432, 3433, 3434, 3435, 3461, 3476, 3501, 3502, 3503, 3504, 3505, 3537, 3541, 3542, 3547, 3549, 3550, 3551, 3559, 3561, 3563, 3564, 3565, 3569, 3570, 3573, 3574, 3581, 3583, 3584, 3585, 3587, 3588, 3591, 3604, 3605, 3606, 3607, 3608, 3609, 3610, 3611, 3612, 3615, 3618, 3622, 3623, 3624, 3627, 3628, 3634, 3638, 3639, 3640, 3641, 3642, 3643, 3644, 3645, 3646, 3647, 3648, 3649, 3651, 3652, 3653, 3654, 3655, 3656, 3658, 3659, 3660, 3661, 3662, 3665, 3666, 3667, 3670, 3671, 3672, 3673, 3674, 3682, 3683, 3687, 3689, 3690, 3691, 3692, 3694, 3695, 3705, 3706, 3714, 3733, 3734, 3744, 3756, 3766, 3767, 3770, 3777, 3778, 3779, 3780, 3801, 3802, 3803, 3804, 3805, 3811, 3812, 3815, 3817, 3819, 3820, 3821, 3822, 3823, 3824, 3825, 3826, 3827, 3829, 3832, 3840, 3858, 3859, 3863, 3864, 3865, 3867, 3868, 3979, 3980, 3981, 3983, 4009, 4010, 4015, 4040, 4041, 4047, 4048, 4050, 4052, 4056, 4057, 4061, 4063, 4064, 4065, 4067, 4068, 4069, 4074, 4075, 4076, 4077, 4078, 4080, 4083, 4086, 4087, 4091, 4093, 4094, 4095, 4109, 4115, 4124, 4156, 4167, 4168, 4169, 4170, 4172, 4173, 4181, 4184, 4187, 4197, 4208, 4209, 4212, 4214, 4216, 4217, 4222, 4224, 4225, 4226, 4230, 4231, 4233, 4234, 4236, 4237, 4238, 4240, 4241, 4244, 4245, 4249, 4250, 4253, 4254, 4255, 4263, 4270, 4271, 4272, 4273, 4274, 4277, 4280, 4281, 4282, 4287, 4288, 4296, 4297, 4298, 4299, 4308, 4316, 4319, 4323, 4324, 4330, 4336, 4345, 4354, 4355, 4364, 4365, 4372, 4376, 4377, 4381, 4387, 4388, 4389, 4398, 4400, 4402, 4405, 4409, 4413, 4415, 4416, 4417, 4419, 4420, 4424, 4427, 4428, 4430, 4431, 4434, 4437, 4438, 4442, 4445, 4450, 4452, 4455, 4457, 4458, 4461, 4462, 4464, 4465, 4466, 4467, 4469, 4470, 4471, 4472, 4473, 4475, 4477, 4479, 4480, 4481, 4484, 4485, 4488, 4490, 4491, 4493, 4494, 4495, 4496, 4497, 4499, 4500, 4501, 4502, 4503, 4504, 4508, 4509, 4513, 4514, 4515, 4517, 4518, 4519, 4537, 4554, 4701, 4706, 4734, 4737, 4740, 4743, 4747, 4749, 4750, 4752, 4753, 4756, 4757, 4838, 4939, 4974, 4976, 4977, 4979, 4982, 4985]"
71,Philip Lombard,618,"[60, 61, 62, 65, 66, 68, 69, 70, 71, 72, 74, 75, 76, 77, 78, 79, 80, 82, 83, 84, 85, 86, 87, 221, 286, 287, 300, 301, 302, 304, 307, 309, 310, 312, 316, 318, 319, 321, 322, 324, 325, 326, 328, 330, 332, 333, 335, 338, 342, 343, 346, 354, 355, 356, 357, 398, 452, 459, 639, 642, 643, 644, 646, 648, 666, 680, 713, 730, 740, 741, 743, 744, 751, 765, 766, 771, 772, 773, 774, 775, 776, 777, 778, 782, 783, 785, 787, 788, 790, 791, 792, 844, 845, 846, 847, 861, 952, 953, 958, 959, 960, 961, 975, 1099, 1100, 1101, 1106, 1111, 1112, 1132, 1148, 1149, 1150, 1154, 1171, 1172, 1174, 1271, 1292, 1301, 1611, 1617, 1618, 1619, 1620, 1622, 1624, 1627, 1628, 1698, 1747, 1748, 1749, 1754, 1757, 1759, 1761, 1766, 1767, 1770, 1771, 1773, 1778, 1780, 1782, 1785, 1788, 1789, 1791, 1885, 1886, 1928, 1936, 1941, 1942, 1943, 1944, 1945, 1947, 1950, 1954, 1958, 1963, 1964, 1966, 1967, 1971, 1972, 1975, 1979, 1982, 1986, 1988, 1990, 1991, 1998, 1999, 2003, 2004, 2005, 2007, 2009, 2011, 2014, 2018, 2032, 2033, 2038, 2042, 2046, 2067, 2074, 2084, 2085, 2087, 2120, 2127, 2132, 2139, 2141, 2150, 2151, 2158, 2239, 2240, 2256, 2258, 2259, 2260, 2262, 2264, 2265, 2266, 2270, 2275, 2276, 2278, 2279, 2280, 2281, 2282, 2292, 2305, 2346, 2347, 2352, 2356, 2361, 2375, 2380, 2386, 2387, 2388, 2389, 2390, 2392, 2393, 2394, 2395, 2397, 2401, 2407, 2409, 2411, 2413, 2424, 2428, 2430, 2490, 2508, 2549, 2555, 2556, 2557, 2558, 2559, 2560, 2577, 2579, 2601, 2602, 2603, 2604, 2605, 2611, 2612, 2614, 2617, 2646, 2651, 2665, 2677, 2680, 2690, 2698, 2710, 2719, 2721, 2726, 2760, 2766, 2767, 2773, 2774, 2775, 2777, 2778, 2779, 2780, 2789, 2791, 2794, 2795, 2797, 2798, 2799, 2800, 2801, 2802, 2803, 2804, 2807, 2813, 2815, 2816, 2821, 2823, 2824, 2829, 2830, 2834, 2835, 2836, 2929, 2936, 2943, 2959, 2962, 2963, 2966, 2967, 2971, 2975, 2976, 2977, 2978, 2980, 2981, 2982, 2983, 2984, 2985, 2986, 2987, 2988, 2989, 2990, 2991, 2993, 2994, 2995, 2996, 2997, 2998, 2999, 3000, 3002, 3003, 3005, 3010, 3011, 3018, 3019, 3020, 3025, 3027, 3028, 3029, 3043, 3103, 3116, 3130, 3134, 3137, 3138, 3143, 3144, 3148, 3149, 3150, 3151, 3152, 3153, 3154, 3155, 3156, 3161, 3162, 3163, 3172, 3173, 3174, 3175, 3176, 3177, 3178, 3182, 3183, 3184, 3185, 3186, 3263, 3320, 3348, 3359, 3382, 3387, 3388, 3389, 3394, 3395, 3396, 3398, 3399, 3400, 3402, 3403, 3404, 3406, 3408, 3409, 3410, 3411, 3412, 3413, 3414, 3417, 3418, 3447, 3453, 3454, 3460, 3497, 3498, 3499, 3500, 3523, 3595, 3596, 3598, 3599, 3601, 3665, 3666, 3668, 3669, 3680, 3681, 3682, 3683, 3685, 3688, 3689, 3693, 3694, 3712, 3734, 3744, 3745, 3746, 3751, 3752, 3764, 3765, 3769, 3772, 3777, 3781, 3792, 3793, 3794, 3795, 3796, 3797, 3798, 3799, 3800, 3805, 3809, 3810, 3883, 3947, 3972, 3986, 3988, 3989, 3990, 3991, 3992, 3993, 3996, 3998, 4001, 4002, 4003, 4005, 4009, 4016, 4017, 4018, 4021, 4022, 4029, 4049, 4074, 4080, 4095, 4096, 4106, 4112, 4115, 4121, 4125, 4126, 4127, 4135, 4144, 4153, 4155, 4156, 4157, 4158, 4161, 4162, 4166, 4168, 4169, 4170, 4171, 4175, 4176, 4177, 4178, 4183, 4210, 4216, 4230, 4236, 4239, 4244, 4245, 4247, 4253, 4261, 4271, 4272, 4279, 4284, 4285, 4287, 4288, 4291, 4297, 4300, 4303, 4315, 4316, 4319, 4320, 4323, 4328, 4329, 4331, 4338, 4342, 4343, 4345, 4348, 4353, 4354, 4355, 4356, 4363, 4364, 4372, 4373, 4378, 4382, 4389, 4392, 4398, 4399, 4400, 4401, 4403, 4407, 4416, 4417, 4418, 4424, 4425, 4426, 4427, 4429, 4430, 4431, 4432, 4433, 4434, 4435, 4439, 4440, 4441, 4442, 4443, 4444, 4445, 4446, 4447, 4449, 4451, 4454, 4549, 4647, 4648, 4649, 4706, 4734, 4735, 4736, 4742, 4750, 4757, 4912, 4920, 4964, 4974, 4976]"
84,Edward George Armstrong,569,"[137, 139, 149, 150, 152, 154, 156, 158, 160, 162, 163, 164, 165, 167, 170, 173, 176, 181, 182, 184, 185, 186, 188, 189, 191, 221, 554, 555, 556, 557, 558, 559, 561, 562, 563, 564, 565, 567, 568, 571, 572, 573, 574, 583, 589, 590, 591, 596, 597, 601, 662, 706, 726, 746, 747, 748, 766, 767, 786, 788, 807, 811, 812, 823, 824, 825, 860, 871, 872, 873, 875, 949, 1022, 1050, 1053, 1057, 1061, 1062, 1065, 1067, 1121, 1140, 1141, 1142, 1174, 1175, 1239, 1248, 1249, 1250, 1252, 1254, 1255, 1256, 1258, 1259, 1261, 1266, 1267, 1268, 1269, 1270, 1271, 1272, 1273, 1274, 1275, 1280, 1287, 1289, 1292, 1301, 1302, 1303, 1306, 1307, 1317, 1318, 1319, 1520, 1523, 1524, 1528, 1533, 1534, 1535, 1536, 1537, 1538, 1539, 1542, 1546, 1552, 1553, 1555, 1560, 1564, 1568, 1571, 1573, 1574, 1575, 1580, 1581, 1582, 1583, 1584, 1586, 1587, 1589, 1591, 1592, 1593, 1595, 1599, 1603, 1638, 1639, 1642, 1651, 1652, 1657, 1662, 1666, 1674, 1675, 1689, 1697, 1727, 1728, 1753, 1789, 1790, 1791, 1792, 1793, 1795, 1796, 1799, 1800, 1801, 1803, 1804, 1806, 1807, 1808, 1809, 1811, 1812, 1813, 1820, 1824, 1825, 1926, 1929, 1930, 1931, 1932, 1934, 1935, 1936, 1940, 1942, 1946, 1949, 1952, 1953, 1955, 1960, 1966, 1971, 1976, 1980, 1982, 1988, 1990, 1992, 1996, 1997, 2001, 2007, 2008, 2011, 2017, 2018, 2022, 2028, 2037, 2038, 2041, 2061, 2062, 2075, 2090, 2094, 2122, 2123, 2140, 2142, 2144, 2161, 2162, 2163, 2238, 2239, 2244, 2248, 2249, 2253, 2260, 2262, 2265, 2267, 2268, 2270, 2277, 2294, 2298, 2304, 2308, 2328, 2331, 2334, 2337, 2339, 2353, 2364, 2365, 2367, 2368, 2372, 2374, 2375, 2377, 2379, 2380, 2383, 2386, 2389, 2401, 2409, 2450, 2469, 2470, 2472, 2477, 2486, 2487, 2493, 2494, 2495, 2498, 2519, 2541, 2570, 2571, 2581, 2582, 2583, 2634, 2635, 2636, 2637, 2638, 2640, 2642, 2643, 2644, 2646, 2647, 2649, 2651, 2663, 2672, 2674, 2681, 2682, 2685, 2690, 2691, 2692, 2710, 2712, 2715, 2716, 2717, 2718, 2723, 2814, 2816, 2820, 2823, 2824, 2825, 2826, 2828, 2830, 2833, 2834, 2857, 2862, 2863, 2865, 2866, 2867, 2871, 2872, 2874, 2876, 2880, 2931, 3020, 3030, 3057, 3060, 3061, 3065, 3091, 3092, 3094, 3097, 3098, 3099, 3100, 3101, 3104, 3113, 3269, 3272, 3274, 3276, 3315, 3316, 3317, 3339, 3346, 3347, 3348, 3350, 3351, 3354, 3356, 3362, 3363, 3364, 3367, 3368, 3369, 3370, 3373, 3378, 3379, 3380, 3381, 3387, 3391, 3396, 3401, 3421, 3507, 3508, 3509, 3510, 3512, 3526, 3536, 3537, 3538, 3540, 3543, 3544, 3548, 3549, 3672, 3673, 3676, 3678, 3688, 3696, 3697, 3700, 3701, 3702, 3703, 3709, 3715, 3716, 3718, 3719, 3724, 3725, 3726, 3727, 3728, 3729, 3730, 3731, 3759, 3760, 3762, 3763, 3764, 3777, 3783, 3883, 3947, 3970, 3975, 3994, 3995, 3996, 4004, 4006, 4007, 4010, 4011, 4014, 4018, 4020, 4023, 4032, 4045, 4046, 4047, 4048, 4049, 4050, 4052, 4053, 4055, 4080, 4084, 4085, 4090, 4091, 4094, 4095, 4121, 4123, 4124, 4129, 4132, 4144, 4174, 4175, 4176, 4177, 4179, 4185, 4186, 4187, 4190, 4196, 4197, 4250, 4251, 4255, 4260, 4276, 4321, 4322, 4327, 4328, 4330, 4333, 4334, 4336, 4338, 4341, 4346, 4347, 4348, 4350, 4393, 4416, 4418, 4420, 4421, 4423, 4424, 4548, 4553, 4623, 4625, 4627, 4629, 4630, 4706, 4708, 4710, 4711, 4714, 4715, 4716, 4717, 4718, 4719, 4722, 4724, 4728, 4732, 4736, 4826, 4828, 4871, 4910, 4911, 4912, 4913, 4917, 4918, 4919, 4920, 4921, 4931, 4934, 4937, 4942, 4945, 4946, 4948, 4950, 4951, 4952, 4955, 4962, 5000, 5001, 5003]"
93,William Henry Blore,506,"[216, 217, 218, 219, 220, 222, 223, 224, 225, 226, 227, 228, 229, 233, 234, 236, 237, 240, 242, 249, 252, 255, 259, 266, 268, 269, 372, 378, 379, 381, 382, 384, 621, 622, 623, 624, 625, 627, 628, 629, 631, 632, 641, 664, 665, 708, 728, 758, 890, 891, 892, 912, 913, 914, 915, 919, 920, 921, 925, 926, 952, 964, 965, 969, 970, 971, 972, 973, 974, 976, 980, 982, 985, 995, 1150, 1151, 1154, 1155, 1162, 1165, 1169, 1272, 1287, 1288, 1612, 1618, 1621, 1624, 1680, 1689, 1695, 1697, 1698, 1705, 1706, 1707, 1729, 1735, 1736, 1739, 1740, 1759, 1760, 1761, 1762, 1772, 1783, 1785, 1791, 1928, 1944, 2046, 2047, 2051, 2052, 2063, 2074, 2079, 2086, 2087, 2089, 2091, 2094, 2106, 2107, 2112, 2117, 2118, 2120, 2131, 2139, 2143, 2144, 2148, 2154, 2238, 2239, 2241, 2249, 2252, 2259, 2262, 2266, 2267, 2270, 2271, 2274, 2294, 2298, 2299, 2304, 2309, 2317, 2318, 2321, 2322, 2323, 2342, 2343, 2346, 2356, 2357, 2358, 2362, 2363, 2364, 2365, 2371, 2372, 2377, 2379, 2380, 2383, 2389, 2392, 2394, 2400, 2406, 2407, 2459, 2460, 2477, 2489, 2512, 2542, 2543, 2553, 2554, 2555, 2561, 2562, 2576, 2622, 2623, 2624, 2625, 2628, 2631, 2632, 2646, 2664, 2665, 2666, 2667, 2669, 2670, 2674, 2675, 2676, 2695, 2696, 2698, 2699, 2710, 2713, 2716, 2717, 2718, 2742, 2836, 2840, 2844, 2845, 2846, 2852, 2930, 2941, 2945, 2959, 2962, 2969, 2971, 3000, 3004, 3005, 3006, 3007, 3008, 3014, 3015, 3016, 3021, 3031, 3036, 3037, 3038, 3059, 3067, 3068, 3100, 3116, 3117, 3118, 3127, 3128, 3130, 3131, 3133, 3134, 3138, 3139, 3141, 3143, 3144, 3150, 3151, 3152, 3156, 3157, 3160, 3161, 3162, 3163, 3165, 3167, 3168, 3169, 3170, 3171, 3172, 3174, 3178, 3179, 3180, 3181, 3182, 3280, 3281, 3310, 3312, 3313, 3314, 3322, 3333, 3337, 3344, 3382, 3399, 3401, 3421, 3422, 3440, 3441, 3447, 3448, 3449, 3453, 3455, 3456, 3467, 3468, 3469, 3470, 3472, 3492, 3493, 3494, 3495, 3496, 3515, 3584, 3591, 3662, 3663, 3664, 3675, 3676, 3677, 3678, 3679, 3700, 3704, 3705, 3709, 3712, 3713, 3714, 3730, 3734, 3751, 3759, 3761, 3769, 3775, 3777, 3783, 3785, 3870, 3871, 3872, 3873, 3876, 3877, 3880, 3881, 3883, 3885, 3886, 3889, 3890, 3892, 3893, 3894, 3895, 3898, 3899, 3900, 3903, 3905, 3908, 3910, 3911, 3912, 3915, 3919, 3920, 3923, 3924, 3925, 3927, 3929, 3930, 3932, 3933, 3934, 3935, 3936, 3937, 3938, 3939, 3940, 3942, 3943, 3944, 3945, 3946, 3947, 3948, 3949, 3950, 3951, 3953, 3954, 3956, 3957, 3958, 3959, 3962, 3963, 3964, 3965, 3966, 3969, 3970, 3972, 3974, 3977, 3978, 3981, 3986, 3987, 3992, 3997, 4004, 4006, 4012, 4014, 4017, 4019, 4027, 4028, 4030, 4031, 4034, 4035, 4036, 4037, 4038, 4039, 4068, 4076, 4081, 4085, 4091, 4119, 4124, 4127, 4133, 4135, 4139, 4143, 4149, 4153, 4155, 4161, 4164, 4165, 4179, 4185, 4193, 4194, 4212, 4220, 4221, 4229, 4232, 4234, 4237, 4242, 4245, 4246, 4250, 4253, 4254, 4256, 4257, 4258, 4260, 4263, 4275, 4313, 4314, 4348, 4349, 4552, 4652, 4654, 4656, 4658, 4659, 4662, 4703, 4706, 4707, 4734, 4738, 4739, 4743, 4750, 4757, 4758, 4759, 4834, 4954, 4972, 4973]"
55,Lawrence John Wargrave,343,"[1, 2, 4, 5, 17, 19, 20, 25, 221, 277, 285, 290, 295, 296, 368, 375, 376, 396, 576, 577, 579, 580, 582, 583, 587, 588, 590, 593, 596, 597, 598, 600, 602, 604, 605, 609, 611, 612, 613, 662, 667, 668, 681, 705, 734, 759, 762, 763, 764, 771, 787, 790, 793, 794, 825, 826, 830, 831, 835, 836, 837, 839, 844, 854, 855, 856, 857, 868, 878, 880, 893, 906, 908, 910, 911, 912, 913, 918, 920, 939, 941, 942, 943, 948, 951, 952, 958, 964, 965, 991, 999, 1005, 1010, 1035, 1060, 1066, 1113, 1116, 1158, 1168, 1200, 1202, 1203, 1209, 1210, 1214, 1221, 1227, 1266, 1299, 1317, 1320, 1322, 1323, 1332, 1333, 1334, 1336, 1337, 1338, 1341, 1342, 1343, 1610, 1657, 1685, 1742, 1743, 1792, 1891, 1927, 1929, 1931, 1933, 1970, 1973, 1974, 1975, 1984, 2049, 2170, 2171, 2172, 2174, 2435, 2436, 2437, 2438, 2439, 2491, 2492, 2494, 2497, 2499, 2501, 2502, 2503, 2509, 2515, 2521, 2522, 2531, 2532, 2539, 2543, 2544, 2545, 2549, 2550, 2551, 2553, 2564, 2565, 2567, 2568, 2569, 2571, 2572, 2573, 2576, 2577, 2578, 2579, 2580, 2581, 2584, 2585, 2587, 2589, 2590, 2591, 2592, 2593, 2594, 2600, 2602, 2604, 2607, 2608, 2611, 2612, 2613, 2617, 2620, 2650, 2652, 2661, 2662, 2665, 2667, 2671, 2680, 2699, 2700, 2703, 2704, 2705, 2718, 2726, 2727, 2728, 2731, 2738, 2739, 2745, 2747, 2748, 2751, 2759, 2761, 2778, 2807, 2810, 2811, 2813, 2858, 2859, 2860, 2861, 2863, 2864, 2865, 2867, 2868, 2875, 2876, 2877, 2878, 2879, 2880, 2881, 2892, 2893, 2932, 2939, 2940, 2968, 2972, 3021, 3039, 3040, 3041, 3042, 3043, 3048, 3060, 3066, 3258, 3259, 3266, 3328, 3329, 3330, 3331, 3335, 3336, 3337, 3339, 3345, 3356, 3365, 3372, 3374, 3381, 3383, 3387, 3392, 3393, 3399, 3400, 3401, 3407, 3421, 3423, 3431, 3436, 3440, 3442, 3443, 3445, 3446, 3447, 3448, 3452, 3455, 3456, 3457, 3458, 3459, 3460, 3463, 3464, 3466, 3477, 3491, 3528, 3587, 3589, 3593, 3599, 3706, 3708, 3709, 3710, 3712, 3715, 3716, 3721, 3722, 3723, 3736, 3749, 3901, 4190, 4549, 4614, 4616, 4619, 4640, 4702, 4705, 4746, 5020]"
76,Emily Brent,252,"[88, 89, 90, 92, 95, 96, 97, 100, 101, 106, 107, 109, 112, 113, 114, 123, 124, 125, 221, 284, 285, 291, 292, 368, 377, 394, 400, 649, 663, 682, 683, 686, 687, 690, 691, 694, 697, 698, 699, 700, 701, 705, 759, 760, 779, 797, 852, 853, 870, 872, 873, 932, 933, 939, 940, 1002, 1024, 1174, 1195, 1196, 1197, 1198, 1200, 1201, 1203, 1207, 1208, 1258, 1294, 1443, 1545, 1546, 1547, 1548, 1549, 1550, 1632, 1633, 1637, 1642, 1663, 1665, 1666, 1667, 1669, 1677, 1680, 1688, 1840, 1846, 1855, 1860, 1862, 1863, 1864, 1865, 1866, 1867, 1871, 1874, 1879, 1880, 1883, 1884, 1887, 1890, 1892, 1893, 1896, 1897, 1898, 1900, 1904, 1905, 1909, 1911, 1915, 1916, 1918, 1920, 1923, 2164, 2165, 2166, 2167, 2169, 2431, 2432, 2433, 2444, 2447, 2488, 2546, 2547, 2593, 2594, 2595, 2596, 2597, 2598, 2599, 2646, 2654, 2655, 2656, 2657, 2659, 2660, 2685, 2697, 2729, 2735, 2882, 2883, 2884, 2885, 2886, 2887, 2895, 2898, 2899, 2900, 2901, 2902, 2903, 2904, 2905, 2906, 2907, 2908, 2919, 2957, 2958, 3023, 3031, 3032, 3033, 3034, 3035, 3036, 3038, 3039, 3062, 3064, 3097, 3110, 3111, 3113, 3202, 3203, 3204, 3205, 3206, 3207, 3208, 3209, 3210, 3212, 3214, 3216, 3218, 3219, 3220, 3231, 3232, 3234, 3235, 3236, 3240, 3263, 3264, 3265, 3266, 3267, 3268, 3269, 3272, 3275, 3276, 3277, 3278, 3281, 3282, 3283, 3284, 3286, 3287, 3288, 3289, 3309, 3310, 3336, 3339, 3341, 3342, 3343, 3344, 3348, 3349, 3354, 3358, 3734, 4190, 4550, 4632, 4633, 4701, 4705, 4922, 4923, 4924, 4925]"
94,Ethel Rogers,208,"[221, 481, 484, 487, 488, 499, 501, 502, 504, 506, 507, 508, 510, 511, 512, 516, 609, 610, 659, 704, 714, 738, 742, 751, 752, 796, 797, 798, 799, 801, 802, 803, 804, 805, 806, 807, 808, 810, 811, 813, 814, 815, 816, 817, 818, 819, 820, 821, 823, 827, 828, 829, 831, 836, 840, 841, 842, 843, 857, 860, 877, 880, 881, 883, 884, 885, 1034, 1130, 1132, 1133, 1152, 1211, 1217, 1218, 1219, 1300, 1344, 1572, 1573, 1581, 1585, 1591, 1592, 1595, 1599, 1606, 1609, 1636, 1640, 1641, 1653, 1694, 1702, 1705, 1738, 1739, 1750, 1752, 1754, 1794, 1795, 1797, 1808, 1810, 1818, 1819, 1827, 1829, 1830, 1831, 1833, 1834, 1863, 1948, 1953, 1963, 1984, 2002, 2003, 2004, 2005, 2008, 2016, 2025, 2026, 2027, 2059, 2287, 2291, 2294, 2309, 2320, 2322, 2324, 2332, 2359, 2414, 2419, 2429, 2447, 2449, 2454, 2463, 2480, 2483, 2484, 2510, 2537, 2601, 2603, 2611, 2614, 2615, 2616, 2622, 2631, 2633, 2644, 2651, 2652, 2662, 2671, 2680, 2683, 2752, 2753, 2758, 2820, 2837, 2838, 2843, 2845, 2848, 2849, 2850, 2852, 2913, 2919, 2920, 2933, 2934, 2938, 2950, 2966, 2974, 3009, 3011, 3025, 3038, 3039, 3057, 3108, 3133, 3141, 3143, 3172, 3460, 3597, 3901, 4190, 4550, 4551, 4705, 4890, 4893, 4902, 4916, 4920]"
90,Anthony James Marston,123,"[194, 197, 199, 202, 208, 209, 210, 211, 212, 215, 221, 273, 411, 473, 474, 475, 476, 614, 615, 616, 617, 618, 619, 662, 669, 671, 707, 732, 743, 744, 791, 792, 861, 862, 863, 864, 866, 921, 922, 925, 943, 982, 983, 984, 1023, 1034, 1101, 1113, 1116, 1123, 1124, 1127, 1128, 1222, 1223, 1228, 1229, 1231, 1233, 1234, 1235, 1240, 1241, 1250, 1260, 1278, 1279, 1284, 1285, 1286, 1288, 1292, 1513, 1516, 1561, 1562, 1563, 1564, 1565, 1567, 1986, 1988, 1989, 1995, 1997, 2000, 2003, 2004, 2005, 2016, 2058, 2059, 2066, 2068, 2069, 2070, 2074, 2355, 2415, 2510, 2537, 2622, 2628, 2651, 2679, 3357, 3901, 4393, 4395, 4550, 4638, 4639, 4640, 4641, 4705, 4832, 4833, 4835, 4890, 4891, 4892, 4897, 4902]"
80,John Gordon Macarthur,101,"[126, 127, 130, 350, 351, 355, 359, 462, 463, 633, 635, 636, 638, 663, 709, 710, 712, 754, 848, 849, 868, 889, 895, 955, 1025, 1030, 1081, 1096, 1097, 1098, 1106, 1251, 1257, 1348, 1349, 1350, 1351, 1352, 1360, 1398, 1610, 1733, 1734, 1751, 1773, 2101, 2163, 2177, 2178, 2180, 2182, 2183, 2184, 2185, 2190, 2194, 2212, 2231, 2235, 2236, 2237, 2247, 2249, 2251, 2447, 2470, 2472, 2485, 2496, 2537, 2582, 2622, 2701, 2737, 2742, 2743, 2745, 2746, 2747, 2753, 2754, 2755, 2756, 2757, 2782, 2823, 2889, 2890, 2891, 3225, 3226, 3227, 4410, 4412, 4554, 4642, 4644, 4705, 4829, 4904, 4905]"
56,Owen,70,"[9, 169, 308, 314, 324, 340, 390, 414, 420, 421, 425, 479, 497, 501, 502, 503, 509, 516, 520, 697, 700, 701, 834, 836, 852, 853, 881, 882, 887, 889, 906, 907, 923, 938, 991, 995, 996, 1001, 1003, 1979, 2020, 2025, 2029, 2035, 2036, 2038, 2041, 2045, 2056, 2140, 2412, 2417, 2511, 2512, 2525, 2528, 2530, 2534, 2612, 2617, 2806, 3180, 3687, 4161, 4562, 4579, 4603, 4636, 4691, 4692]"
74,Isaac Morris,39,"[72, 73, 79, 80, 81, 82, 149, 423, 1492, 4562, 4563, 4564, 4566, 4567, 4568, 4569, 4571, 4572, 4574, 4575, 4577, 4579, 4580, 4591, 4604, 4664, 4665, 4666, 4670, 4862, 4863, 4864, 4881, 4882, 4883, 4884, 4885, 4886, 4921]"
113,Arthur Richmond,35,"[731, 1089, 1090, 1091, 1092, 1350, 1351, 1356, 1359, 1362, 1363, 1364, 1366, 1367, 1368, 1371, 1372, 1376, 1378, 1382, 1383, 1384, 1385, 1386, 1388, 1389, 1391, 1392, 1394, 1402, 1428, 2214, 2220, 4644, 4645]"
109,Beatrice Taylor,33,"[727, 1896, 1898, 1899, 1900, 1902, 1904, 1907, 1908, 1909, 1911, 1912, 1913, 1916, 1918, 1919, 2902, 3230, 3231, 3232, 3233, 3296, 3297, 3298, 3299, 3300, 3302, 3303, 3305, 3307, 3308, 3328, 4633]"
140,Leslie Macarthur,32,"[1352, 1353, 1354, 1356, 1359, 1360, 1362, 1363, 1364, 1365, 1366, 1367, 1371, 1376, 1404, 1405, 1406, 1407, 1408, 1428, 2205, 2206, 2207, 2208, 2209, 2210, 2227, 2228, 2229, 2230, 2236, 2237]"
68,Hugo Hamilton,31,"[52, 57, 1462, 1463, 1469, 1478, 1483, 1493, 1502, 3197, 3198, 3199, 3620, 3621, 3622, 3819, 3835, 3853, 3854, 3857, 3859, 3862, 3863, 4513, 4514, 4522, 4526, 4532, 4542, 4840, 4841]"
69,Cyril Ogilvie Hamilton,30,"[55, 729, 1070, 1474, 1479, 1492, 1493, 1498, 1499, 1500, 1503, 1508, 3191, 3193, 3200, 3201, 3819, 3824, 3826, 3827, 3828, 3829, 3830, 3839, 3840, 3844, 3846, 3847, 3848, 4538]"
100,Fred Narracott,28,"[413, 414, 415, 418, 421, 422, 426, 428, 430, 431, 432, 436, 451, 453, 459, 460, 461, 556, 1219, 1220, 1221, 1745, 1746, 2429, 4589, 4590, 4591, 4592]"
174,Maine,28,"[4544, 4546, 4547, 4560, 4573, 4579, 4582, 4583, 4589, 4601, 4606, 4622, 4637, 4638, 4653, 4669, 4670, 4671, 4674, 4675, 4682, 4685, 4689, 4694, 4695, 4698, 4761, 4765]"
141,Armitage,28,"[1388, 1390, 1391, 1394, 1400, 1401, 1402, 1403, 1405, 1406, 1411, 1414, 1416, 1417, 1420, 1421, 1422, 1423, 1424, 1431, 1432, 1434, 1451, 1453, 1454, 1455, 1457, 1458]"
119,Edward Seton,24,"[734, 1037, 1038, 1039, 1040, 1041, 1042, 1051, 1062, 1066, 1318, 1319, 1328, 1329, 1342, 1973, 2173, 3741, 4616, 4617, 4618, 4619, 4792, 4997]"
111,James Stephen Landor,16,"[728, 1156, 1161, 1163, 1164, 1165, 1166, 1167, 3159, 3160, 3166, 3167, 3169, 3909, 3910, 3913]"
173,Thomas Legge,15,"[4544, 4547, 4581, 4606, 4664, 4665, 4667, 4669, 4670, 4683, 4684, 4688, 4693, 4695, 4747]"
133,Jennifer Brady,13,"[1134, 1136, 1137, 1138, 1140, 1143, 1144, 1151, 1153, 1953, 4610, 4611, 4612]"
63,Constance Culmington,13,"[19, 20, 22, 23, 24, 597, 602, 609, 1014, 1015, 1016, 1017, 1021]"
459,Thomas Rogers,9,"[468, 469, 470, 833, 834, 2853, 2854, 2855, 2856]"
128,Matthews,8,"[1053, 1054, 1324, 1325, 1326, 1327, 1331, 1335]"
91,Badger Berkeley,4,"[204, 205, 476, 945]"
57,Gabrielle Turl,4,"[11, 12, 207, 427]"
79,Oliver,4,"[117, 118, 125, 294]"
101,Elmer Robson,4,"[417, 4583, 4584, 4591]"
114,Lucy Combes,3,"[732, 1113, 4640]"
159,Elsie MacPherson,2,"[2890, 3225]"
59,Merryweather,1,[14]
