canonical_id_left	name_left	role_left	word	lemma	index	negated	gender_left	name_variants_left	canonical_id_right	name_right	role_right	gender_right	name_variants_right
0	Lawrence John Wargrave	agent	seen	see	401	False	m	"['""he', 'A hanging judge', 'Absolute Justice', 'Dearest Lawrence', 'Dressing up the judge']"	25	Constance Culmington	patient	f	['Constance Culmington', 'Lady Constance', 'Lady Constance Culmington', 'Very vague woman', 'his correspondent']
37	Owen	agent	received	receive	623	False	m	['Damned young pup', 'Mr. Owen', 'Mr. Unknown Owen', 'Mrs. Owen', 'Owen']	1	Vera Elizabeth Claythorne	patient	f	"['A daring and resourceful young woman', 'Claythorne', 'Good healthy sensible girl', 'Hugo who had said he loved her', ""I'm""]"
0	Lawrence John Wargrave	agent	take	take	660	False	m	"['""he', 'A hanging judge', 'Absolute Justice', 'Dearest Lawrence', 'Dressing up the judge']"	1	Vera Elizabeth Claythorne	patient	f	"['A daring and resourceful young woman', 'Claythorne', 'Good healthy sensible girl', 'Hugo who had said he loved her', ""I'm""]"
1	Vera Elizabeth Claythorne	agent	think	think	908	True	f	"['A daring and resourceful young woman', 'Claythorne', 'Good healthy sensible girl', 'Hugo who had said he loved her', ""I'm""]"	14	Hugo Hamilton	patient	m	['Hugo', 'Hugo Hamilton', 'The Lord', 'a good-looking young man called Hugo Hamilton', 'you']
15	Cyril Ogilvie Hamilton	agent	cleaving	cleave	979	False	m	['A puny child', 'Cyril', 'Cyril Hamilton', 'Cyril Ogilvie Hamilton', 'You']	1	Vera Elizabeth Claythorne	patient	f	"['A daring and resourceful young woman', 'Claythorne', 'Good healthy sensible girl', 'Hugo who had said he loved her', ""I'm""]"
1	Vera Elizabeth Claythorne	agent	think	think	1030	True	f	"['A daring and resourceful young woman', 'Claythorne', 'Good healthy sensible girl', 'Hugo who had said he loved her', ""I'm""]"	14	Hugo Hamilton	patient	m	['Hugo', 'Hugo Hamilton', 'The Lord', 'a good-looking young man called Hugo Hamilton', 'you']
0	Lawrence John Wargrave	agent	give	give	1310	True	m	"['""he', 'A hanging judge', 'Absolute Justice', 'Dearest Lawrence', 'Dressing up the judge']"	2	Philip Lombard	patient	m	['A madman', 'A very distinguished old gentleman', 'Captain Lombard', 'Counsel', 'Fellow']
0	Lawrence John Wargrave	agent	hold	hold	1410	False	m	"['""he', 'A hanging judge', 'Absolute Justice', 'Dearest Lawrence', 'Dressing up the judge']"	2	Philip Lombard	patient	m	['A madman', 'A very distinguished old gentleman', 'Captain Lombard', 'Counsel', 'Fellow']
0	Lawrence John Wargrave	agent	see	see	1923	False	m	"['""he', 'A hanging judge', 'Absolute Justice', 'Dearest Lawrence', 'Dressing up the judge']"	1	Vera Elizabeth Claythorne	patient	f	"['A daring and resourceful young woman', 'Claythorne', 'Good healthy sensible girl', 'Hugo who had said he loved her', ""I'm""]"
5	Emily Brent	agent	was	be	2176	False	f	"['Emily', 'Emily Brent', ""Ma'am"", 'Madam', 'Miss Brent']"	31	Oliver	patient	f	['Miss Ogden', 'Miss Oliver', 'Mrs. Oliver', 'Oliver']
0	Lawrence John Wargrave	agent	know	know	4386	False	m	"['""he', 'A hanging judge', 'Absolute Justice', 'Dearest Lawrence', 'Dressing up the judge']"	1	Vera Elizabeth Claythorne	patient	f	"['A daring and resourceful young woman', 'Claythorne', 'Good healthy sensible girl', 'Hugo who had said he loved her', ""I'm""]"
0	Lawrence John Wargrave	agent	know	know	4566	False	m	"['""he', 'A hanging judge', 'Absolute Justice', 'Dearest Lawrence', 'Dressing up the judge']"	1	Vera Elizabeth Claythorne	patient	f	"['A daring and resourceful young woman', 'Claythorne', 'Good healthy sensible girl', 'Hugo who had said he loved her', ""I'm""]"
1	Vera Elizabeth Claythorne	agent	'm	be	4620	False	f	"['A daring and resourceful young woman', 'Claythorne', 'Good healthy sensible girl', 'Hugo who had said he loved her', ""I'm""]"	37	Owen	patient	m	['Damned young pup', 'Mr. Owen', 'Mr. Unknown Owen', 'Mrs. Owen', 'Owen']
6	John Gordon Macarthur	agent	said	say	5222	False	m	"['""he', 'Damn fool', 'General', 'General Macarthur', 'John Gordon Macarthur']"	2	Philip Lombard	patient	m	['A madman', 'A very distinguished old gentleman', 'Captain Lombard', 'Counsel', 'Fellow']
6	John Gordon Macarthur	agent	ask	ask	5266	False	m	"['""he', 'Damn fool', 'General', 'General Macarthur', 'John Gordon Macarthur']"	2	Philip Lombard	patient	m	['A madman', 'A very distinguished old gentleman', 'Captain Lombard', 'Counsel', 'Fellow']
0	Lawrence John Wargrave	agent	looked	look	5520	False	m	"['""he', 'A hanging judge', 'Absolute Justice', 'Dearest Lawrence', 'Dressing up the judge']"	4	William Henry Blore	patient	m	['Blore', 'Davis', 'Ex-Inspector Blore', 'I.', 'Inspector Blore']
11	Fred Narracott	agent	set	set	6186	True	m	['Fred', 'Fred Narracott', 'Mr. Narracott', 'Narracott']	37	Owen	patient	m	['Damned young pup', 'Mr. Owen', 'Mr. Unknown Owen', 'Mrs. Owen', 'Owen']
8	Thomas Rogers	agent	awaiting	await	6788	False	m	['I think you', 'I.', 'Mr. and Mrs. Rogers', 'Rogers', 'Rogers woman']	0	Lawrence John Wargrave	patient	m	"['""he', 'A hanging judge', 'Absolute Justice', 'Dearest Lawrence', 'Dressing up the judge']"
8	Thomas Rogers	agent	reassured	reassure	6796	False	m	['I think you', 'I.', 'Mr. and Mrs. Rogers', 'Rogers', 'Rogers woman']	0	Lawrence John Wargrave	patient	m	"['""he', 'A hanging judge', 'Absolute Justice', 'Dearest Lawrence', 'Dressing up the judge']"
1	Vera Elizabeth Claythorne	agent	followed	follow	6967	False	f	"['A daring and resourceful young woman', 'Claythorne', 'Good healthy sensible girl', 'Hugo who had said he loved her', ""I'm""]"	9	Ethel Rogers	patient	f	['Ethel', 'Ethel Rogers', 'His wife', 'Mother Rogers', 'Mrs. Rogers']
1	Vera Elizabeth Claythorne	agent	looked	look	7102	False	f	"['A daring and resourceful young woman', 'Claythorne', 'Good healthy sensible girl', 'Hugo who had said he loved her', ""I'm""]"	9	Ethel Rogers	patient	f	['Ethel', 'Ethel Rogers', 'His wife', 'Mother Rogers', 'Mrs. Rogers']
37	Owen	agent	mention	mention	7257	True	m	['Damned young pup', 'Mr. Owen', 'Mr. Unknown Owen', 'Mrs. Owen', 'Owen']	1	Vera Elizabeth Claythorne	patient	f	"['A daring and resourceful young woman', 'Claythorne', 'Good healthy sensible girl', 'Hugo who had said he loved her', ""I'm""]"
9	Ethel Rogers	agent	seen	see	7271	True	f	['Ethel', 'Ethel Rogers', 'His wife', 'Mother Rogers', 'Mrs. Rogers']	37	Owen	patient	m	['Damned young pup', 'Mr. Owen', 'Mr. Unknown Owen', 'Mrs. Owen', 'Owen']
1	Vera Elizabeth Claythorne	agent	seen	see	7515	False	f	"['A daring and resourceful young woman', 'Claythorne', 'Good healthy sensible girl', 'Hugo who had said he loved her', ""I'm""]"	37	Owen	patient	m	['Damned young pup', 'Mr. Owen', 'Mr. Unknown Owen', 'Mrs. Owen', 'Owen']
3	Edward George Armstrong	agent	stared	star	8552	False	m	"['""Any doctor been', 'Armstrong', 'Doctor', 'Dr. Armstrong', 'Edward George Armstrong']"	0	Lawrence John Wargrave	patient	m	"['""he', 'A hanging judge', 'Absolute Justice', 'Dearest Lawrence', 'Dressing up the judge']"
0	Lawrence John Wargrave	agent	asked	ask	8733	False	m	"['""he', 'A hanging judge', 'Absolute Justice', 'Dearest Lawrence', 'Dressing up the judge']"	8	Thomas Rogers	patient	m	['I think you', 'I.', 'Mr. and Mrs. Rogers', 'Rogers', 'Rogers woman']
8	Thomas Rogers	agent	stared	star	8749	False	m	['I think you', 'I.', 'Mr. and Mrs. Rogers', 'Rogers', 'Rogers woman']	0	Lawrence John Wargrave	patient	m	"['""he', 'A hanging judge', 'Absolute Justice', 'Dearest Lawrence', 'Dressing up the judge']"
1	Vera Elizabeth Claythorne	agent	asking	ask	9396	False	f	"['A daring and resourceful young woman', 'Claythorne', 'Good healthy sensible girl', 'Hugo who had said he loved her', ""I'm""]"	4	William Henry Blore	patient	m	['Blore', 'Davis', 'Ex-Inspector Blore', 'I.', 'Inspector Blore']
5	Emily Brent	agent	looked	look	9622	False	f	"['Emily', 'Emily Brent', ""Ma'am"", 'Madam', 'Miss Brent']"	1	Vera Elizabeth Claythorne	patient	f	"['A daring and resourceful young woman', 'Claythorne', 'Good healthy sensible girl', 'Hugo who had said he loved her', ""I'm""]"
1	Vera Elizabeth Claythorne	agent	looked	look	9629	False	f	"['A daring and resourceful young woman', 'Claythorne', 'Good healthy sensible girl', 'Hugo who had said he loved her', ""I'm""]"	5	Emily Brent	patient	f	"['Emily', 'Emily Brent', ""Ma'am"", 'Madam', 'Miss Brent']"
0	Lawrence John Wargrave	agent	say	say	9860	False	m	"['""he', 'A hanging judge', 'Absolute Justice', 'Dearest Lawrence', 'Dressing up the judge']"	37	Owen	patient	m	['Damned young pup', 'Mr. Owen', 'Mr. Unknown Owen', 'Mrs. Owen', 'Owen']
8	Thomas Rogers	agent	followed	follow	9913	False	m	['I think you', 'I.', 'Mr. and Mrs. Rogers', 'Rogers', 'Rogers woman']	10	Isaac Morris	patient	m	['Every one', 'Isaac Morris', 'Man called Morris', 'Morris', 'Mr. Isaac Morris']
3	Edward George Armstrong	agent	came	come	9934	False	m	"['""Any doctor been', 'Armstrong', 'Doctor', 'Dr. Armstrong', 'Edward George Armstrong']"	1	Vera Elizabeth Claythorne	patient	f	"['A daring and resourceful young woman', 'Claythorne', 'Good healthy sensible girl', 'Hugo who had said he loved her', ""I'm""]"
2	Philip Lombard	agent	said	say	10528	False	m	['A madman', 'A very distinguished old gentleman', 'Captain Lombard', 'Counsel', 'Fellow']	8	Thomas Rogers	patient	m	['I think you', 'I.', 'Mr. and Mrs. Rogers', 'Rogers', 'Rogers woman']
3	Edward George Armstrong	agent	stared	star	11042	False	m	"['""Any doctor been', 'Armstrong', 'Doctor', 'Dr. Armstrong', 'Edward George Armstrong']"	0	Lawrence John Wargrave	patient	m	"['""he', 'A hanging judge', 'Absolute Justice', 'Dearest Lawrence', 'Dressing up the judge']"
8	Thomas Rogers	agent	speak	speak	11185	False	m	['I think you', 'I.', 'Mr. and Mrs. Rogers', 'Rogers', 'Rogers woman']	9	Ethel Rogers	patient	f	['Ethel', 'Ethel Rogers', 'His wife', 'Mother Rogers', 'Mrs. Rogers']
3	Edward George Armstrong	agent	spoke	speak	11253	False	m	"['""Any doctor been', 'Armstrong', 'Doctor', 'Dr. Armstrong', 'Edward George Armstrong']"	9	Ethel Rogers	patient	f	['Ethel', 'Ethel Rogers', 'His wife', 'Mother Rogers', 'Mrs. Rogers']
3	Edward George Armstrong	agent	bent	bend	11343	False	m	"['""Any doctor been', 'Armstrong', 'Doctor', 'Dr. Armstrong', 'Edward George Armstrong']"	9	Ethel Rogers	patient	f	['Ethel', 'Ethel Rogers', 'His wife', 'Mother Rogers', 'Mrs. Rogers']
8	Thomas Rogers	agent	stared	star	11466	False	m	['I think you', 'I.', 'Mr. and Mrs. Rogers', 'Rogers', 'Rogers woman']	0	Lawrence John Wargrave	patient	m	"['""he', 'A hanging judge', 'Absolute Justice', 'Dearest Lawrence', 'Dressing up the judge']"
0	Lawrence John Wargrave	agent	looked	look	11724	False	m	"['""he', 'A hanging judge', 'Absolute Justice', 'Dearest Lawrence', 'Dressing up the judge']"	2	Philip Lombard	patient	m	['A madman', 'A very distinguished old gentleman', 'Captain Lombard', 'Counsel', 'Fellow']
0	Lawrence John Wargrave	agent	get	get	11870	False	m	"['""he', 'A hanging judge', 'Absolute Justice', 'Dearest Lawrence', 'Dressing up the judge']"	5	Emily Brent	patient	f	"['Emily', 'Emily Brent', ""Ma'am"", 'Madam', 'Miss Brent']"
3	Edward George Armstrong	agent	give	give	11900	False	m	"['""Any doctor been', 'Armstrong', 'Doctor', 'Dr. Armstrong', 'Edward George Armstrong']"	0	Lawrence John Wargrave	patient	m	"['""he', 'A hanging judge', 'Absolute Justice', 'Dearest Lawrence', 'Dressing up the judge']"
0	Lawrence John Wargrave	agent	know	know	12185	False	m	"['""he', 'A hanging judge', 'Absolute Justice', 'Dearest Lawrence', 'Dressing up the judge']"	37	Owen	patient	m	['Damned young pup', 'Mr. Owen', 'Mr. Unknown Owen', 'Mrs. Owen', 'Owen']
8	Thomas Rogers	agent	seen	see	12210	True	m	['I think you', 'I.', 'Mr. and Mrs. Rogers', 'Rogers', 'Rogers woman']	37	Owen	patient	m	['Damned young pup', 'Mr. Owen', 'Mr. Unknown Owen', 'Mrs. Owen', 'Owen']
10	Isaac Morris	agent	seen	see	12231	True	m	['Every one', 'Isaac Morris', 'Man called Morris', 'Morris', 'Mr. Isaac Morris']	37	Owen	patient	m	['Damned young pup', 'Mr. Owen', 'Mr. Unknown Owen', 'Mrs. Owen', 'Owen']
0	Lawrence John Wargrave	agent	stared	star	12580	False	m	"['""he', 'A hanging judge', 'Absolute Justice', 'Dearest Lawrence', 'Dressing up the judge']"	7	Anthony James Marston	patient	m	['Anthony', 'Anthony James Marston', 'Anthony Marston', 'Marston', 'Mr. Marston']
7	Anthony James Marston	agent	standing	stand	12590	False	m	['Anthony', 'Anthony James Marston', 'Anthony Marston', 'Marston', 'Mr. Marston']	4	William Henry Blore	patient	m	['Blore', 'Davis', 'Ex-Inspector Blore', 'I.', 'Inspector Blore']
10	Isaac Morris	agent	drawn	draw	12642	False	m	['Every one', 'Isaac Morris', 'Man called Morris', 'Morris', 'Mr. Isaac Morris']	0	Lawrence John Wargrave	patient	m	"['""he', 'A hanging judge', 'Absolute Justice', 'Dearest Lawrence', 'Dressing up the judge']"
0	Lawrence John Wargrave	agent	said	say	12931	False	m	"['""he', 'A hanging judge', 'Absolute Justice', 'Dearest Lawrence', 'Dressing up the judge']"	7	Anthony James Marston	patient	m	['Anthony', 'Anthony James Marston', 'Anthony Marston', 'Marston', 'Mr. Marston']
0	Lawrence John Wargrave	agent	turned	turn	13263	False	m	"['""he', 'A hanging judge', 'Absolute Justice', 'Dearest Lawrence', 'Dressing up the judge']"	4	William Henry Blore	patient	m	['Blore', 'Davis', 'Ex-Inspector Blore', 'I.', 'Inspector Blore']
10	Isaac Morris	agent	are	be	13410	False	m	['Every one', 'Isaac Morris', 'Man called Morris', 'Morris', 'Mr. Isaac Morris']	4	William Henry Blore	patient	m	['Blore', 'Davis', 'Ex-Inspector Blore', 'I.', 'Inspector Blore']
0	Lawrence John Wargrave	agent	set	set	13488	True	m	"['""he', 'A hanging judge', 'Absolute Justice', 'Dearest Lawrence', 'Dressing up the judge']"	1	Vera Elizabeth Claythorne	patient	f	"['A daring and resourceful young woman', 'Claythorne', 'Good healthy sensible girl', 'Hugo who had said he loved her', ""I'm""]"
7	Anthony James Marston	agent	moved	move	13511	False	m	['Anthony', 'Anthony James Marston', 'Anthony Marston', 'Marston', 'Mr. Marston']	4	William Henry Blore	patient	m	['Blore', 'Davis', 'Ex-Inspector Blore', 'I.', 'Inspector Blore']
10	Isaac Morris	agent	got	get	13554	False	m	['Every one', 'Isaac Morris', 'Man called Morris', 'Morris', 'Mr. Isaac Morris']	4	William Henry Blore	patient	m	['Blore', 'Davis', 'Ex-Inspector Blore', 'I.', 'Inspector Blore']
4	William Henry Blore	agent	said	say	13665	False	m	['Blore', 'Davis', 'Ex-Inspector Blore', 'I.', 'Inspector Blore']	37	Owen	patient	m	['Damned young pup', 'Mr. Owen', 'Mr. Unknown Owen', 'Mrs. Owen', 'Owen']
0	Lawrence John Wargrave	agent	seen	see	13933	True	m	"['""he', 'A hanging judge', 'Absolute Justice', 'Dearest Lawrence', 'Dressing up the judge']"	25	Constance Culmington	patient	f	['Constance Culmington', 'Lady Constance', 'Lady Constance Culmington', 'Very vague woman', 'his correspondent']
3	Edward George Armstrong	agent	knows	know	14109	False	m	"['""Any doctor been', 'Armstrong', 'Doctor', 'Dr. Armstrong', 'Edward George Armstrong']"	6	John Gordon Macarthur	patient	m	"['""he', 'Damn fool', 'General', 'General Macarthur', 'John Gordon Macarthur']"
3	Edward George Armstrong	agent	accuses	accuse	14261	False	m	"['""Any doctor been', 'Armstrong', 'Doctor', 'Dr. Armstrong', 'Edward George Armstrong']"	0	Lawrence John Wargrave	patient	m	"['""he', 'A hanging judge', 'Absolute Justice', 'Dearest Lawrence', 'Dressing up the judge']"
0	Lawrence John Wargrave	agent	remember	remember	14272	False	m	"['""he', 'A hanging judge', 'Absolute Justice', 'Dearest Lawrence', 'Dressing up the judge']"	13	Edward Seton	patient	m	['Edward Seton', 'Seton', 'The Seton case!', 'The fellow', 'a rightly convicted murderer']
13	Edward Seton	agent	came	come	14278	False	m	['Edward Seton', 'Seton', 'The Seton case!', 'The fellow', 'a rightly convicted murderer']	0	Lawrence John Wargrave	patient	m	"['""he', 'A hanging judge', 'Absolute Justice', 'Dearest Lawrence', 'Dressing up the judge']"
0	Lawrence John Wargrave	agent	passed	pass	14404	False	m	"['""he', 'A hanging judge', 'Absolute Justice', 'Dearest Lawrence', 'Dressing up the judge']"	13	Edward Seton	patient	m	['Edward Seton', 'Seton', 'The Seton case!', 'The fellow', 'a rightly convicted murderer']
3	Edward George Armstrong	agent	met	meet	14433	False	m	"['""Any doctor been', 'Armstrong', 'Doctor', 'Dr. Armstrong', 'Edward George Armstrong']"	29	Matthews	patient	m	['Matthews']
0	Lawrence John Wargrave	agent	know	know	14551	False	m	"['""he', 'A hanging judge', 'Absolute Justice', 'Dearest Lawrence', 'Dressing up the judge']"	13	Edward Seton	patient	m	['Edward Seton', 'Seton', 'The Seton case!', 'The fellow', 'a rightly convicted murderer']
3	Edward George Armstrong	agent	said	say	14593	False	m	"['""Any doctor been', 'Armstrong', 'Doctor', 'Dr. Armstrong', 'Edward George Armstrong']"	13	Edward Seton	patient	m	['Edward Seton', 'Seton', 'The Seton case!', 'The fellow', 'a rightly convicted murderer']
1	Vera Elizabeth Claythorne	agent	swam	swam	14669	False	f	"['A daring and resourceful young woman', 'Claythorne', 'Good healthy sensible girl', 'Hugo who had said he loved her', ""I'm""]"	15	Cyril Ogilvie Hamilton	patient	m	['A puny child', 'Cyril', 'Cyril Hamilton', 'Cyril Ogilvie Hamilton', 'You']
6	John Gordon Macarthur	agent	patted	pat	14749	False	m	"['""he', 'Damn fool', 'General', 'General Macarthur', 'John Gordon Macarthur']"	1	Vera Elizabeth Claythorne	patient	f	"['A daring and resourceful young woman', 'Claythorne', 'Good healthy sensible girl', 'Hugo who had said he loved her', ""I'm""]"
2	Philip Lombard	agent	said	say	14839	False	m	['A madman', 'A very distinguished old gentleman', 'Captain Lombard', 'Counsel', 'Fellow']	19	Arthur Richmond	patient	m	['Arthur', 'Arthur Richmond', 'Richmond', 'her lover', 'the boy']
10	Isaac Morris	agent	abandoned	abandon	15002	False	m	['Every one', 'Isaac Morris', 'Man called Morris', 'Morris', 'Mr. Isaac Morris']	1	Vera Elizabeth Claythorne	patient	f	"['A daring and resourceful young woman', 'Claythorne', 'Good healthy sensible girl', 'Hugo who had said he loved her', ""I'm""]"
9	Ethel Rogers	agent	were	be	15433	False	f	['Ethel', 'Ethel Rogers', 'His wife', 'Mother Rogers', 'Mrs. Rogers']	22	Jennifer Brady	patient	f	['Jennifer Brady', 'Miss Brady', 'a Miss Brady who died suddenly']
2	Philip Lombard	agent	looked	look	15549	False	m	['A madman', 'A very distinguished old gentleman', 'Captain Lombard', 'Counsel', 'Fellow']	37	Owen	patient	m	['Damned young pup', 'Mr. Owen', 'Mr. Unknown Owen', 'Mrs. Owen', 'Owen']
18	James Stephen Landor	agent	convicted	convict	15731	False	m	['James Stephen Landor', 'Landor', 'brethren discussing the Landor', 'fellow', 'the fellow']	1	Vera Elizabeth Claythorne	patient	f	"['A daring and resourceful young woman', 'Claythorne', 'Good healthy sensible girl', 'Hugo who had said he loved her', ""I'm""]"
10	Isaac Morris	agent	complimented	compliment	15813	False	m	['Every one', 'Isaac Morris', 'Man called Morris', 'Morris', 'Mr. Isaac Morris']	1	Vera Elizabeth Claythorne	patient	f	"['A daring and resourceful young woman', 'Claythorne', 'Good healthy sensible girl', 'Hugo who had said he loved her', ""I'm""]"
5	Emily Brent	agent	glanced	glance	15906	False	f	"['Emily', 'Emily Brent', ""Ma'am"", 'Madam', 'Miss Brent']"	3	Edward George Armstrong	patient	m	"['""Any doctor been', 'Armstrong', 'Doctor', 'Dr. Armstrong', 'Edward George Armstrong']"
3	Edward George Armstrong	agent	killed	kill	16086	False	m	"['""Any doctor been', 'Armstrong', 'Doctor', 'Dr. Armstrong', 'Edward George Armstrong']"	5	Emily Brent	patient	f	"['Emily', 'Emily Brent', ""Ma'am"", 'Madam', 'Miss Brent']"
10	Isaac Morris	agent	reserve	reserve	16252	False	m	['Every one', 'Isaac Morris', 'Man called Morris', 'Morris', 'Mr. Isaac Morris']	1	Vera Elizabeth Claythorne	patient	f	"['A daring and resourceful young woman', 'Claythorne', 'Good healthy sensible girl', 'Hugo who had said he loved her', ""I'm""]"
8	Thomas Rogers	agent	beg	beg	16466	False	m	['I think you', 'I.', 'Mr. and Mrs. Rogers', 'Rogers', 'Rogers woman']	1	Vera Elizabeth Claythorne	patient	f	"['A daring and resourceful young woman', 'Claythorne', 'Good healthy sensible girl', 'Hugo who had said he loved her', ""I'm""]"
3	Edward George Armstrong	agent	went	go	16758	False	m	"['""Any doctor been', 'Armstrong', 'Doctor', 'Dr. Armstrong', 'Edward George Armstrong']"	7	Anthony James Marston	patient	m	['Anthony', 'Anthony James Marston', 'Anthony Marston', 'Marston', 'Mr. Marston']
3	Edward George Armstrong	agent	peering	peer	16858	False	m	"['""Any doctor been', 'Armstrong', 'Doctor', 'Dr. Armstrong', 'Edward George Armstrong']"	7	Anthony James Marston	patient	m	['Anthony', 'Anthony James Marston', 'Anthony Marston', 'Marston', 'Mr. Marston']
3	Edward George Armstrong	agent	carried	carry	17440	False	m	"['""Any doctor been', 'Armstrong', 'Doctor', 'Dr. Armstrong', 'Edward George Armstrong']"	7	Anthony James Marston	patient	m	['Anthony', 'Anthony James Marston', 'Anthony Marston', 'Marston', 'Mr. Marston']
3	Edward George Armstrong	agent	laid	lay	17452	False	m	"['""Any doctor been', 'Armstrong', 'Doctor', 'Dr. Armstrong', 'Edward George Armstrong']"	7	Anthony James Marston	patient	m	['Anthony', 'Anthony James Marston', 'Anthony Marston', 'Marston', 'Mr. Marston']
3	Edward George Armstrong	agent	said	say	17579	False	m	"['""Any doctor been', 'Armstrong', 'Doctor', 'Dr. Armstrong', 'Edward George Armstrong']"	8	Thomas Rogers	patient	m	['I think you', 'I.', 'Mr. and Mrs. Rogers', 'Rogers', 'Rogers woman']
0	Lawrence John Wargrave	agent	thinking	think	17842	False	m	"['""he', 'A hanging judge', 'Absolute Justice', 'Dearest Lawrence', 'Dressing up the judge']"	13	Edward Seton	patient	m	['Edward Seton', 'Seton', 'The Seton case!', 'The fellow', 'a rightly convicted murderer']
0	Lawrence John Wargrave	agent	remembered	remember	17848	False	m	"['""he', 'A hanging judge', 'Absolute Justice', 'Dearest Lawrence', 'Dressing up the judge']"	13	Edward Seton	patient	m	['Edward Seton', 'Seton', 'The Seton case!', 'The fellow', 'a rightly convicted murderer']
0	Lawrence John Wargrave	agent	cooked	cook	18138	False	m	"['""he', 'A hanging judge', 'Absolute Justice', 'Dearest Lawrence', 'Dressing up the judge']"	13	Edward Seton	patient	m	['Edward Seton', 'Seton', 'The Seton case!', 'The fellow', 'a rightly convicted murderer']
6	John Gordon Macarthur	agent	liked	like	18246	False	m	"['""he', 'Damn fool', 'General', 'General Macarthur', 'John Gordon Macarthur']"	19	Arthur Richmond	patient	m	['Arthur', 'Arthur Richmond', 'Richmond', 'her lover', 'the boy']
20	Leslie Macarthur	agent	liked	like	18262	False	f	"['Leslie', ""Stealer of another man's wife"", 'my wife']"	19	Arthur Richmond	patient	m	['Arthur', 'Arthur Richmond', 'Richmond', 'her lover', 'the boy']
20	Leslie Macarthur	agent	teased	tease	18327	False	f	"['Leslie', ""Stealer of another man's wife"", 'my wife']"	19	Arthur Richmond	patient	m	['Arthur', 'Arthur Richmond', 'Richmond', 'her lover', 'the boy']
20	Leslie Macarthur	agent	made	make	18330	False	f	"['Leslie', ""Stealer of another man's wife"", 'my wife']"	19	Arthur Richmond	patient	m	['Arthur', 'Arthur Richmond', 'Richmond', 'her lover', 'the boy']
20	Leslie Macarthur	agent	ragged	rag	18335	False	f	"['Leslie', ""Stealer of another man's wife"", 'my wife']"	19	Arthur Richmond	patient	m	['Arthur', 'Arthur Richmond', 'Richmond', 'her lover', 'the boy']
19	Arthur Richmond	agent	was	be	18370	False	m	['Arthur', 'Arthur Richmond', 'Richmond', 'her lover', 'the boy']	20	Leslie Macarthur	patient	f	"['Leslie', ""Stealer of another man's wife"", 'my wife']"
6	John Gordon Macarthur	agent	loved	love	18383	False	m	"['""he', 'Damn fool', 'General', 'General Macarthur', 'John Gordon Macarthur']"	20	Leslie Macarthur	patient	f	"['Leslie', ""Stealer of another man's wife"", 'my wife']"
6	John Gordon Macarthur	agent	see	see	18388	False	m	"['""he', 'Damn fool', 'General', 'General Macarthur', 'John Gordon Macarthur']"	20	Leslie Macarthur	patient	f	"['Leslie', ""Stealer of another man's wife"", 'my wife']"
6	John Gordon Macarthur	agent	loved	love	18414	False	m	"['""he', 'Damn fool', 'General', 'General Macarthur', 'John Gordon Macarthur']"	20	Leslie Macarthur	patient	f	"['Leslie', ""Stealer of another man's wife"", 'my wife']"
6	John Gordon Macarthur	agent	believed	believe	18419	False	m	"['""he', 'Damn fool', 'General', 'General Macarthur', 'John Gordon Macarthur']"	20	Leslie Macarthur	patient	f	"['Leslie', ""Stealer of another man's wife"", 'my wife']"
6	John Gordon Macarthur	agent	taken	take	18446	False	m	"['""he', 'Damn fool', 'General', 'General Macarthur', 'John Gordon Macarthur']"	20	Leslie Macarthur	patient	f	"['Leslie', ""Stealer of another man's wife"", 'my wife']"
20	Leslie Macarthur	agent	put	put	18495	False	f	"['Leslie', ""Stealer of another man's wife"", 'my wife']"	19	Arthur Richmond	patient	m	['Arthur', 'Arthur Richmond', 'Richmond', 'her lover', 'the boy']
28	Armitage	agent	looked	look	18667	False	m	['Armitage', 'that boy', 'young Armitage']	6	John Gordon Macarthur	patient	m	"['""he', 'Damn fool', 'General', 'General Macarthur', 'John Gordon Macarthur']"
28	Armitage	agent	sent	send	18703	False	m	['Armitage', 'that boy', 'young Armitage']	19	Arthur Richmond	patient	m	['Arthur', 'Arthur Richmond', 'Richmond', 'her lover', 'the boy']
20	Leslie Macarthur	agent	wept	weep	18851	False	f	"['Leslie', ""Stealer of another man's wife"", 'my wife']"	19	Arthur Richmond	patient	m	['Arthur', 'Arthur Richmond', 'Richmond', 'her lover', 'the boy']
14	Hugo Hamilton	agent	love	love	19755	False	m	['Hugo', 'Hugo Hamilton', 'The Lord', 'a good-looking young man called Hugo Hamilton', 'you']	0	Lawrence John Wargrave	patient	m	"['""he', 'A hanging judge', 'Absolute Justice', 'Dearest Lawrence', 'Dressing up the judge']"
14	Hugo Hamilton	agent	love	love	19759	False	m	['Hugo', 'Hugo Hamilton', 'The Lord', 'a good-looking young man called Hugo Hamilton', 'you']	0	Lawrence John Wargrave	patient	m	"['""he', 'A hanging judge', 'Absolute Justice', 'Dearest Lawrence', 'Dressing up the judge']"
14	Hugo Hamilton	agent	love	love	19765	False	m	['Hugo', 'Hugo Hamilton', 'The Lord', 'a good-looking young man called Hugo Hamilton', 'you']	0	Lawrence John Wargrave	patient	m	"['""he', 'A hanging judge', 'Absolute Justice', 'Dearest Lawrence', 'Dressing up the judge']"
14	Hugo Hamilton	agent	ask marry	ask marry	19787	True	m	['Hugo', 'Hugo Hamilton', 'The Lord', 'a good-looking young man called Hugo Hamilton', 'you']	0	Lawrence John Wargrave	patient	m	"['""he', 'A hanging judge', 'Absolute Justice', 'Dearest Lawrence', 'Dressing up the judge']"
1	Vera Elizabeth Claythorne	agent	remembered	remember	20075	False	f	"['A daring and resourceful young woman', 'Claythorne', 'Good healthy sensible girl', 'Hugo who had said he loved her', ""I'm""]"	7	Anthony James Marston	patient	m	['Anthony', 'Anthony James Marston', 'Anthony Marston', 'Marston', 'Mr. Marston']
3	Edward George Armstrong	agent	followed	follow	20670	False	m	"['""Any doctor been', 'Armstrong', 'Doctor', 'Dr. Armstrong', 'Edward George Armstrong']"	8	Thomas Rogers	patient	m	['I think you', 'I.', 'Mr. and Mrs. Rogers', 'Rogers', 'Rogers woman']
8	Thomas Rogers	agent	stared	star	20945	False	m	['I think you', 'I.', 'Mr. and Mrs. Rogers', 'Rogers', 'Rogers woman']	3	Edward George Armstrong	patient	m	"['""Any doctor been', 'Armstrong', 'Doctor', 'Dr. Armstrong', 'Edward George Armstrong']"
4	William Henry Blore	agent	said	say	21294	False	m	['Blore', 'Davis', 'Ex-Inspector Blore', 'I.', 'Inspector Blore']	2	Philip Lombard	patient	m	['A madman', 'A very distinguished old gentleman', 'Captain Lombard', 'Counsel', 'Fellow']
0	Lawrence John Wargrave	agent	had	have	21662	False	m	"['""he', 'A hanging judge', 'Absolute Justice', 'Dearest Lawrence', 'Dressing up the judge']"	1	Vera Elizabeth Claythorne	patient	f	"['A daring and resourceful young woman', 'Claythorne', 'Good healthy sensible girl', 'Hugo who had said he loved her', ""I'm""]"
3	Edward George Armstrong	agent	turned	turn	21860	False	m	"['""Any doctor been', 'Armstrong', 'Doctor', 'Dr. Armstrong', 'Edward George Armstrong']"	5	Emily Brent	patient	f	"['Emily', 'Emily Brent', ""Ma'am"", 'Madam', 'Miss Brent']"
9	Ethel Rogers	agent	accused	accuse	21895	False	f	['Ethel', 'Ethel Rogers', 'His wife', 'Mother Rogers', 'Mrs. Rogers']	6	John Gordon Macarthur	patient	m	"['""he', 'Damn fool', 'General', 'General Macarthur', 'John Gordon Macarthur']"
10	Isaac Morris	agent	saw	see	21936	False	m	['Every one', 'Isaac Morris', 'Man called Morris', 'Morris', 'Mr. Isaac Morris']	9	Ethel Rogers	patient	f	['Ethel', 'Ethel Rogers', 'His wife', 'Mother Rogers', 'Mrs. Rogers']
3	Edward George Armstrong	agent	bet	bet	22206	False	m	"['""Any doctor been', 'Armstrong', 'Doctor', 'Dr. Armstrong', 'Edward George Armstrong']"	0	Lawrence John Wargrave	patient	m	"['""he', 'A hanging judge', 'Absolute Justice', 'Dearest Lawrence', 'Dressing up the judge']"
8	Thomas Rogers	agent	assures	assure	22223	False	m	['I think you', 'I.', 'Mr. and Mrs. Rogers', 'Rogers', 'Rogers woman']	3	Edward George Armstrong	patient	m	"['""Any doctor been', 'Armstrong', 'Doctor', 'Dr. Armstrong', 'Edward George Armstrong']"
3	Edward George Armstrong	agent	looked	look	22254	False	m	"['""Any doctor been', 'Armstrong', 'Doctor', 'Dr. Armstrong', 'Edward George Armstrong']"	4	William Henry Blore	patient	m	['Blore', 'Davis', 'Ex-Inspector Blore', 'I.', 'Inspector Blore']
8	Thomas Rogers	agent	polished	polish	22320	False	m	['I think you', 'I.', 'Mr. and Mrs. Rogers', 'Rogers', 'Rogers woman']	9	Ethel Rogers	patient	f	['Ethel', 'Ethel Rogers', 'His wife', 'Mother Rogers', 'Mrs. Rogers']
6	John Gordon Macarthur	agent	hung	hang	22443	False	m	"['""he', 'Damn fool', 'General', 'General Macarthur', 'John Gordon Macarthur']"	9	Ethel Rogers	patient	f	['Ethel', 'Ethel Rogers', 'His wife', 'Mother Rogers', 'Mrs. Rogers']
4	William Henry Blore	agent	looked	look	22999	False	m	['Blore', 'Davis', 'Ex-Inspector Blore', 'I.', 'Inspector Blore']	2	Philip Lombard	patient	m	['A madman', 'A very distinguished old gentleman', 'Captain Lombard', 'Counsel', 'Fellow']
4	William Henry Blore	agent	viewed	view	23135	False	m	['Blore', 'Davis', 'Ex-Inspector Blore', 'I.', 'Inspector Blore']	6	John Gordon Macarthur	patient	m	"['""he', 'Damn fool', 'General', 'General Macarthur', 'John Gordon Macarthur']"
2	Philip Lombard	agent	thank	thank	23407	False	m	['A madman', 'A very distinguished old gentleman', 'Captain Lombard', 'Counsel', 'Fellow']	0	Lawrence John Wargrave	patient	m	"['""he', 'A hanging judge', 'Absolute Justice', 'Dearest Lawrence', 'Dressing up the judge']"
3	Edward George Armstrong	agent	turned	turn	23461	False	m	"['""Any doctor been', 'Armstrong', 'Doctor', 'Dr. Armstrong', 'Edward George Armstrong']"	0	Lawrence John Wargrave	patient	m	"['""he', 'A hanging judge', 'Absolute Justice', 'Dearest Lawrence', 'Dressing up the judge']"
8	Thomas Rogers	agent	have	have	23481	False	m	['I think you', 'I.', 'Mr. and Mrs. Rogers', 'Rogers', 'Rogers woman']	0	Lawrence John Wargrave	patient	m	"['""he', 'A hanging judge', 'Absolute Justice', 'Dearest Lawrence', 'Dressing up the judge']"
8	Thomas Rogers	agent	have	have	23547	False	m	['I think you', 'I.', 'Mr. and Mrs. Rogers', 'Rogers', 'Rogers woman']	0	Lawrence John Wargrave	patient	m	"['""he', 'A hanging judge', 'Absolute Justice', 'Dearest Lawrence', 'Dressing up the judge']"
3	Edward George Armstrong	agent	entered	enter	23565	False	m	"['""Any doctor been', 'Armstrong', 'Doctor', 'Dr. Armstrong', 'Edward George Armstrong']"	8	Thomas Rogers	patient	m	['I think you', 'I.', 'Mr. and Mrs. Rogers', 'Rogers', 'Rogers woman']
8	Thomas Rogers	agent	followed	follow	23614	False	m	['I think you', 'I.', 'Mr. and Mrs. Rogers', 'Rogers', 'Rogers woman']	3	Edward George Armstrong	patient	m	"['""Any doctor been', 'Armstrong', 'Doctor', 'Dr. Armstrong', 'Edward George Armstrong']"
8	Thomas Rogers	agent	shut	shut	23617	False	m	['I think you', 'I.', 'Mr. and Mrs. Rogers', 'Rogers', 'Rogers woman']	3	Edward George Armstrong	patient	m	"['""Any doctor been', 'Armstrong', 'Doctor', 'Dr. Armstrong', 'Edward George Armstrong']"
0	Lawrence John Wargrave	agent	believe	believe	23895	True	m	"['""he', 'A hanging judge', 'Absolute Justice', 'Dearest Lawrence', 'Dressing up the judge']"	8	Thomas Rogers	patient	m	['I think you', 'I.', 'Mr. and Mrs. Rogers', 'Rogers', 'Rogers woman']
5	Emily Brent	agent	suggested	suggest	23932	False	f	"['Emily', 'Emily Brent', ""Ma'am"", 'Madam', 'Miss Brent']"	1	Vera Elizabeth Claythorne	patient	f	"['A daring and resourceful young woman', 'Claythorne', 'Good healthy sensible girl', 'Hugo who had said he loved her', ""I'm""]"
8	Thomas Rogers	agent	did	do	24278	False	m	['I think you', 'I.', 'Mr. and Mrs. Rogers', 'Rogers', 'Rogers woman']	9	Ethel Rogers	patient	f	['Ethel', 'Ethel Rogers', 'His wife', 'Mother Rogers', 'Mrs. Rogers']
1	Vera Elizabeth Claythorne	agent	said	say	24470	False	f	"['A daring and resourceful young woman', 'Claythorne', 'Good healthy sensible girl', 'Hugo who had said he loved her', ""I'm""]"	5	Emily Brent	patient	f	"['Emily', 'Emily Brent', ""Ma'am"", 'Madam', 'Miss Brent']"
1	Vera Elizabeth Claythorne	agent	understand	understand	24510	True	f	"['A daring and resourceful young woman', 'Claythorne', 'Good healthy sensible girl', 'Hugo who had said he loved her', ""I'm""]"	0	Lawrence John Wargrave	patient	m	"['""he', 'A hanging judge', 'Absolute Justice', 'Dearest Lawrence', 'Dressing up the judge']"
5	Emily Brent	agent	understand	understand	24570	False	f	"['Emily', 'Emily Brent', ""Ma'am"", 'Madam', 'Miss Brent']"	0	Lawrence John Wargrave	patient	m	"['""he', 'A hanging judge', 'Absolute Justice', 'Dearest Lawrence', 'Dressing up the judge']"
5	Emily Brent	agent	keep	keep	24911	True	f	"['Emily', 'Emily Brent', ""Ma'am"", 'Madam', 'Miss Brent']"	17	Beatrice Taylor	patient	f	['BEATRICE TAYLOR', 'Beatrice', 'Beatrice Taylor', 'The abandoned creature', 'the drowned girl']
0	Lawrence John Wargrave	agent	blame	blame	25040	True	m	"['""he', 'A hanging judge', 'Absolute Justice', 'Dearest Lawrence', 'Dressing up the judge']"	2	Philip Lombard	patient	m	['A madman', 'A very distinguished old gentleman', 'Captain Lombard', 'Counsel', 'Fellow']
5	Emily Brent	agent	said	say	25081	False	f	"['Emily', 'Emily Brent', ""Ma'am"", 'Madam', 'Miss Brent']"	17	Beatrice Taylor	patient	f	['BEATRICE TAYLOR', 'Beatrice', 'Beatrice Taylor', 'The abandoned creature', 'the drowned girl']
5	Emily Brent	agent	turned	turn	25120	False	f	"['Emily', 'Emily Brent', ""Ma'am"", 'Madam', 'Miss Brent']"	1	Vera Elizabeth Claythorne	patient	f	"['A daring and resourceful young woman', 'Claythorne', 'Good healthy sensible girl', 'Hugo who had said he loved her', ""I'm""]"
3	Edward George Armstrong	agent	speak	speak	25318	False	m	"['""Any doctor been', 'Armstrong', 'Doctor', 'Dr. Armstrong', 'Edward George Armstrong']"	0	Lawrence John Wargrave	patient	m	"['""he', 'A hanging judge', 'Absolute Justice', 'Dearest Lawrence', 'Dressing up the judge']"
0	Lawrence John Wargrave	agent	accept	accept	25459	False	m	"['""he', 'A hanging judge', 'Absolute Justice', 'Dearest Lawrence', 'Dressing up the judge']"	4	William Henry Blore	patient	m	['Blore', 'Davis', 'Ex-Inspector Blore', 'I.', 'Inspector Blore']
3	Edward George Armstrong	agent	asked	ask	25565	False	m	"['""Any doctor been', 'Armstrong', 'Doctor', 'Dr. Armstrong', 'Edward George Armstrong']"	8	Thomas Rogers	patient	m	['I think you', 'I.', 'Mr. and Mrs. Rogers', 'Rogers', 'Rogers woman']
3	Edward George Armstrong	agent	beg	beg	25751	False	m	"['""Any doctor been', 'Armstrong', 'Doctor', 'Dr. Armstrong', 'Edward George Armstrong']"	1	Vera Elizabeth Claythorne	patient	f	"['A daring and resourceful young woman', 'Claythorne', 'Good healthy sensible girl', 'Hugo who had said he loved her', ""I'm""]"
0	Lawrence John Wargrave	agent	tell	tell	26077	False	m	"['""he', 'A hanging judge', 'Absolute Justice', 'Dearest Lawrence', 'Dressing up the judge']"	2	Philip Lombard	patient	m	['A madman', 'A very distinguished old gentleman', 'Captain Lombard', 'Counsel', 'Fellow']
3	Edward George Armstrong	agent	prompted	prompt	26254	False	m	"['""Any doctor been', 'Armstrong', 'Doctor', 'Dr. Armstrong', 'Edward George Armstrong']"	2	Philip Lombard	patient	m	['A madman', 'A very distinguished old gentleman', 'Captain Lombard', 'Counsel', 'Fellow']
2	Philip Lombard	agent	believe	believe	26317	False	m	['A madman', 'A very distinguished old gentleman', 'Captain Lombard', 'Counsel', 'Fellow']	7	Anthony James Marston	patient	m	['Anthony', 'Anthony James Marston', 'Anthony Marston', 'Marston', 'Mr. Marston']
2	Philip Lombard	agent	believe	believe	26336	False	m	['A madman', 'A very distinguished old gentleman', 'Captain Lombard', 'Counsel', 'Fellow']	9	Ethel Rogers	patient	f	['Ethel', 'Ethel Rogers', 'His wife', 'Mother Rogers', 'Mrs. Rogers']
8	Thomas Rogers	agent	put	put	26358	False	m	['I think you', 'I.', 'Mr. and Mrs. Rogers', 'Rogers', 'Rogers woman']	9	Ethel Rogers	patient	f	['Ethel', 'Ethel Rogers', 'His wife', 'Mother Rogers', 'Mrs. Rogers']
3	Edward George Armstrong	agent	give	give	26403	False	m	"['""Any doctor been', 'Armstrong', 'Doctor', 'Dr. Armstrong', 'Edward George Armstrong']"	0	Lawrence John Wargrave	patient	m	"['""he', 'A hanging judge', 'Absolute Justice', 'Dearest Lawrence', 'Dressing up the judge']"
8	Thomas Rogers	agent	given	give	26420	False	m	['I think you', 'I.', 'Mr. and Mrs. Rogers', 'Rogers', 'Rogers woman']	3	Edward George Armstrong	patient	m	"['""Any doctor been', 'Armstrong', 'Doctor', 'Dr. Armstrong', 'Edward George Armstrong']"
7	Anthony James Marston	agent	oversleeps	oversleep	26549	False	m	['Anthony', 'Anthony James Marston', 'Anthony Marston', 'Marston', 'Mr. Marston']	9	Ethel Rogers	patient	f	['Ethel', 'Ethel Rogers', 'His wife', 'Mother Rogers', 'Mrs. Rogers']
2	Philip Lombard	agent	took	take	26565	False	m	['A madman', 'A very distinguished old gentleman', 'Captain Lombard', 'Counsel', 'Fellow']	3	Edward George Armstrong	patient	m	"['""Any doctor been', 'Armstrong', 'Doctor', 'Dr. Armstrong', 'Edward George Armstrong']"
0	Lawrence John Wargrave	agent	found	find	27684	False	m	"['""he', 'A hanging judge', 'Absolute Justice', 'Dearest Lawrence', 'Dressing up the judge']"	2	Philip Lombard	patient	m	['A madman', 'A very distinguished old gentleman', 'Captain Lombard', 'Counsel', 'Fellow']
1	Vera Elizabeth Claythorne	agent	avoided	avoid	28418	False	f	"['A daring and resourceful young woman', 'Claythorne', 'Good healthy sensible girl', 'Hugo who had said he loved her', ""I'm""]"	5	Emily Brent	patient	f	"['Emily', 'Emily Brent', ""Ma'am"", 'Madam', 'Miss Brent']"
1	Vera Elizabeth Claythorne	agent	thought	think	28459	False	f	"['A daring and resourceful young woman', 'Claythorne', 'Good healthy sensible girl', 'Hugo who had said he loved her', ""I'm""]"	5	Emily Brent	patient	f	"['Emily', 'Emily Brent', ""Ma'am"", 'Madam', 'Miss Brent']"
1	Vera Elizabeth Claythorne	agent	looked	look	28541	False	f	"['A daring and resourceful young woman', 'Claythorne', 'Good healthy sensible girl', 'Hugo who had said he loved her', ""I'm""]"	0	Lawrence John Wargrave	patient	m	"['""he', 'A hanging judge', 'Absolute Justice', 'Dearest Lawrence', 'Dressing up the judge']"
6	John Gordon Macarthur	agent	stirred	stir	28631	False	m	"['""he', 'Damn fool', 'General', 'General Macarthur', 'John Gordon Macarthur']"	1	Vera Elizabeth Claythorne	patient	f	"['A daring and resourceful young woman', 'Claythorne', 'Good healthy sensible girl', 'Hugo who had said he loved her', ""I'm""]"
6	John Gordon Macarthur	agent	stared	star	28658	False	m	"['""he', 'Damn fool', 'General', 'General Macarthur', 'John Gordon Macarthur']"	1	Vera Elizabeth Claythorne	patient	f	"['A daring and resourceful young woman', 'Claythorne', 'Good healthy sensible girl', 'Hugo who had said he loved her', ""I'm""]"
1	Vera Elizabeth Claythorne	agent	sat	sit	28704	False	f	"['A daring and resourceful young woman', 'Claythorne', 'Good healthy sensible girl', 'Hugo who had said he loved her', ""I'm""]"	6	John Gordon Macarthur	patient	m	"['""he', 'Damn fool', 'General', 'General Macarthur', 'John Gordon Macarthur']"
1	Vera Elizabeth Claythorne	agent	understand	understand	28942	True	f	"['A daring and resourceful young woman', 'Claythorne', 'Good healthy sensible girl', 'Hugo who had said he loved her', ""I'm""]"	0	Lawrence John Wargrave	patient	m	"['""he', 'A hanging judge', 'Absolute Justice', 'Dearest Lawrence', 'Dressing up the judge']"
6	John Gordon Macarthur	agent	loved	love	28970	False	m	"['""he', 'Damn fool', 'General', 'General Macarthur', 'John Gordon Macarthur']"	20	Leslie Macarthur	patient	f	"['Leslie', ""Stealer of another man's wife"", 'my wife']"
6	John Gordon Macarthur	agent	loved	love	28974	False	m	"['""he', 'Damn fool', 'General', 'General Macarthur', 'John Gordon Macarthur']"	20	Leslie Macarthur	patient	f	"['Leslie', ""Stealer of another man's wife"", 'my wife']"
6	John Gordon Macarthur	agent	loved	love	28999	False	m	"['""he', 'Damn fool', 'General', 'General Macarthur', 'John Gordon Macarthur']"	20	Leslie Macarthur	patient	f	"['Leslie', ""Stealer of another man's wife"", 'my wife']"
6	John Gordon Macarthur	agent	loved	love	29037	False	m	"['""he', 'Damn fool', 'General', 'General Macarthur', 'John Gordon Macarthur']"	20	Leslie Macarthur	patient	f	"['Leslie', ""Stealer of another man's wife"", 'my wife']"
6	John Gordon Macarthur	agent	sent	send	29087	False	m	"['""he', 'Damn fool', 'General', 'General Macarthur', 'John Gordon Macarthur']"	19	Arthur Richmond	patient	m	['Arthur', 'Arthur Richmond', 'Richmond', 'her lover', 'the boy']
6	John Gordon Macarthur	agent	sent	send	29087	False	m	"['""he', 'Damn fool', 'General', 'General Macarthur', 'John Gordon Macarthur']"	19	Arthur Richmond	patient	m	['Arthur', 'Arthur Richmond', 'Richmond', 'her lover', 'the boy']
6	John Gordon Macarthur	agent	know	know	29225	True	m	"['""he', 'Damn fool', 'General', 'General Macarthur', 'John Gordon Macarthur']"	20	Leslie Macarthur	patient	f	"['Leslie', ""Stealer of another man's wife"", 'my wife']"
6	John Gordon Macarthur	agent	reach	reach	29240	True	m	"['""he', 'Damn fool', 'General', 'General Macarthur', 'John Gordon Macarthur']"	20	Leslie Macarthur	patient	f	"['Leslie', ""Stealer of another man's wife"", 'my wife']"
4	William Henry Blore	agent	found	find	29392	False	m	['Blore', 'Davis', 'Ex-Inspector Blore', 'I.', 'Inspector Blore']	3	Edward George Armstrong	patient	m	"['""Any doctor been', 'Armstrong', 'Doctor', 'Dr. Armstrong', 'Edward George Armstrong']"
4	William Henry Blore	agent	left staring	leave star	29397	False	m	['Blore', 'Davis', 'Ex-Inspector Blore', 'I.', 'Inspector Blore']	3	Edward George Armstrong	patient	m	"['""Any doctor been', 'Armstrong', 'Doctor', 'Dr. Armstrong', 'Edward George Armstrong']"
4	William Henry Blore	agent	thinking	think	29481	False	m	['Blore', 'Davis', 'Ex-Inspector Blore', 'I.', 'Inspector Blore']	6	John Gordon Macarthur	patient	m	"['""he', 'Damn fool', 'General', 'General Macarthur', 'John Gordon Macarthur']"
3	Edward George Armstrong	agent	studied	study	29569	True	m	"['""Any doctor been', 'Armstrong', 'Doctor', 'Dr. Armstrong', 'Edward George Armstrong']"	6	John Gordon Macarthur	patient	m	"['""he', 'Damn fool', 'General', 'General Macarthur', 'John Gordon Macarthur']"
4	William Henry Blore	agent	trust	trust	29798	True	m	['Blore', 'Davis', 'Ex-Inspector Blore', 'I.', 'Inspector Blore']	2	Philip Lombard	patient	m	['A madman', 'A very distinguished old gentleman', 'Captain Lombard', 'Counsel', 'Fellow']
3	Edward George Armstrong	agent	say	say	30202	False	m	"['""Any doctor been', 'Armstrong', 'Doctor', 'Dr. Armstrong', 'Edward George Armstrong']"	8	Thomas Rogers	patient	m	['I think you', 'I.', 'Mr. and Mrs. Rogers', 'Rogers', 'Rogers woman']
3	Edward George Armstrong	agent	grasped	grasp	30350	False	m	"['""Any doctor been', 'Armstrong', 'Doctor', 'Dr. Armstrong', 'Edward George Armstrong']"	4	William Henry Blore	patient	m	['Blore', 'Davis', 'Ex-Inspector Blore', 'I.', 'Inspector Blore']
4	William Henry Blore	agent	said	say	30986	False	m	['Blore', 'Davis', 'Ex-Inspector Blore', 'I.', 'Inspector Blore']	9	Ethel Rogers	patient	f	['Ethel', 'Ethel Rogers', 'His wife', 'Mother Rogers', 'Mrs. Rogers']
0	Lawrence John Wargrave	agent	give	give	31071	False	m	"['""he', 'A hanging judge', 'Absolute Justice', 'Dearest Lawrence', 'Dressing up the judge']"	9	Ethel Rogers	patient	f	['Ethel', 'Ethel Rogers', 'His wife', 'Mother Rogers', 'Mrs. Rogers']
3	Edward George Armstrong	agent	stared	star	31081	False	m	"['""Any doctor been', 'Armstrong', 'Doctor', 'Dr. Armstrong', 'Edward George Armstrong']"	4	William Henry Blore	patient	m	['Blore', 'Davis', 'Ex-Inspector Blore', 'I.', 'Inspector Blore']
10	Isaac Morris	agent	said	say	31099	False	m	['Every one', 'Isaac Morris', 'Man called Morris', 'Morris', 'Mr. Isaac Morris']	2	Philip Lombard	patient	m	['A madman', 'A very distinguished old gentleman', 'Captain Lombard', 'Counsel', 'Fellow']
0	Lawrence John Wargrave	agent	give	give	31103	False	m	"['""he', 'A hanging judge', 'Absolute Justice', 'Dearest Lawrence', 'Dressing up the judge']"	9	Ethel Rogers	patient	f	['Ethel', 'Ethel Rogers', 'His wife', 'Mother Rogers', 'Mrs. Rogers']
4	William Henry Blore	agent	gave	give	31133	False	m	['Blore', 'Davis', 'Ex-Inspector Blore', 'I.', 'Inspector Blore']	9	Ethel Rogers	patient	f	['Ethel', 'Ethel Rogers', 'His wife', 'Mother Rogers', 'Mrs. Rogers']
0	Lawrence John Wargrave	agent	give	give	31167	True	m	"['""he', 'A hanging judge', 'Absolute Justice', 'Dearest Lawrence', 'Dressing up the judge']"	9	Ethel Rogers	patient	f	['Ethel', 'Ethel Rogers', 'His wife', 'Mother Rogers', 'Mrs. Rogers']
3	Edward George Armstrong	agent	gave	give	31255	False	m	"['""Any doctor been', 'Armstrong', 'Doctor', 'Dr. Armstrong', 'Edward George Armstrong']"	9	Ethel Rogers	patient	f	['Ethel', 'Ethel Rogers', 'His wife', 'Mother Rogers', 'Mrs. Rogers']
2	Philip Lombard	agent	said	say	31373	False	m	['A madman', 'A very distinguished old gentleman', 'Captain Lombard', 'Counsel', 'Fellow']	4	William Henry Blore	patient	m	['Blore', 'Davis', 'Ex-Inspector Blore', 'I.', 'Inspector Blore']
10	Isaac Morris	agent	shut	shut	31448	False	m	['Every one', 'Isaac Morris', 'Man called Morris', 'Morris', 'Mr. Isaac Morris']	4	William Henry Blore	patient	m	['Blore', 'Davis', 'Ex-Inspector Blore', 'I.', 'Inspector Blore']
10	Isaac Morris	agent	is	be	31468	False	m	['Every one', 'Isaac Morris', 'Man called Morris', 'Morris', 'Mr. Isaac Morris']	0	Lawrence John Wargrave	patient	m	"['""he', 'A hanging judge', 'Absolute Justice', 'Dearest Lawrence', 'Dressing up the judge']"
10	Isaac Morris	agent	offered	offer	31684	False	m	['Every one', 'Isaac Morris', 'Man called Morris', 'Morris', 'Mr. Isaac Morris']	2	Philip Lombard	patient	m	['A madman', 'A very distinguished old gentleman', 'Captain Lombard', 'Counsel', 'Fellow']
10	Isaac Morris	agent	told	tell	31744	False	m	['Every one', 'Isaac Morris', 'Man called Morris', 'Morris', 'Mr. Isaac Morris']	0	Lawrence John Wargrave	patient	m	"['""he', 'A hanging judge', 'Absolute Justice', 'Dearest Lawrence', 'Dressing up the judge']"
8	Thomas Rogers	agent	standing	stand	32004	False	m	['I think you', 'I.', 'Mr. and Mrs. Rogers', 'Rogers', 'Rogers woman']	1	Vera Elizabeth Claythorne	patient	f	"['A daring and resourceful young woman', 'Claythorne', 'Good healthy sensible girl', 'Hugo who had said he loved her', ""I'm""]"
8	Thomas Rogers	agent	followed	follow	32143	False	m	['I think you', 'I.', 'Mr. and Mrs. Rogers', 'Rogers', 'Rogers woman']	1	Vera Elizabeth Claythorne	patient	f	"['A daring and resourceful young woman', 'Claythorne', 'Good healthy sensible girl', 'Hugo who had said he loved her', ""I'm""]"
5	Emily Brent	agent	came	come	32195	False	f	"['Emily', 'Emily Brent', ""Ma'am"", 'Madam', 'Miss Brent']"	1	Vera Elizabeth Claythorne	patient	f	"['A daring and resourceful young woman', 'Claythorne', 'Good healthy sensible girl', 'Hugo who had said he loved her', ""I'm""]"
8	Thomas Rogers	agent	addressed	address	32361	False	m	['I think you', 'I.', 'Mr. and Mrs. Rogers', 'Rogers', 'Rogers woman']	5	Emily Brent	patient	f	"['Emily', 'Emily Brent', ""Ma'am"", 'Madam', 'Miss Brent']"
8	Thomas Rogers	agent	inform	inform	32431	False	m	['I think you', 'I.', 'Mr. and Mrs. Rogers', 'Rogers', 'Rogers woman']	6	John Gordon Macarthur	patient	m	"['""he', 'Damn fool', 'General', 'General Macarthur', 'John Gordon Macarthur']"
0	Lawrence John Wargrave	agent	left	leave	32460	False	m	"['""he', 'A hanging judge', 'Absolute Justice', 'Dearest Lawrence', 'Dressing up the judge']"	1	Vera Elizabeth Claythorne	patient	f	"['A daring and resourceful young woman', 'Claythorne', 'Good healthy sensible girl', 'Hugo who had said he loved her', ""I'm""]"
0	Lawrence John Wargrave	agent	heard	hear	32467	False	m	"['""he', 'A hanging judge', 'Absolute Justice', 'Dearest Lawrence', 'Dressing up the judge']"	8	Thomas Rogers	patient	m	['I think you', 'I.', 'Mr. and Mrs. Rogers', 'Rogers', 'Rogers woman']
8	Thomas Rogers	agent	saw	see	32832	False	m	['I think you', 'I.', 'Mr. and Mrs. Rogers', 'Rogers', 'Rogers woman']	1	Vera Elizabeth Claythorne	patient	f	"['A daring and resourceful young woman', 'Claythorne', 'Good healthy sensible girl', 'Hugo who had said he loved her', ""I'm""]"
3	Edward George Armstrong	agent	tell	tell	33353	False	m	"['""Any doctor been', 'Armstrong', 'Doctor', 'Dr. Armstrong', 'Edward George Armstrong']"	0	Lawrence John Wargrave	patient	m	"['""he', 'A hanging judge', 'Absolute Justice', 'Dearest Lawrence', 'Dressing up the judge']"
0	Lawrence John Wargrave	agent	turned	turn	33528	False	m	"['""he', 'A hanging judge', 'Absolute Justice', 'Dearest Lawrence', 'Dressing up the judge']"	1	Vera Elizabeth Claythorne	patient	f	"['A daring and resourceful young woman', 'Claythorne', 'Good healthy sensible girl', 'Hugo who had said he loved her', ""I'm""]"
0	Lawrence John Wargrave	agent	ask	ask	33683	False	m	"['""he', 'A hanging judge', 'Absolute Justice', 'Dearest Lawrence', 'Dressing up the judge']"	4	William Henry Blore	patient	m	['Blore', 'Davis', 'Ex-Inspector Blore', 'I.', 'Inspector Blore']
0	Lawrence John Wargrave	agent	said	say	33784	False	m	"['""he', 'A hanging judge', 'Absolute Justice', 'Dearest Lawrence', 'Dressing up the judge']"	2	Philip Lombard	patient	m	['A madman', 'A very distinguished old gentleman', 'Captain Lombard', 'Counsel', 'Fellow']
0	Lawrence John Wargrave	agent	seeing	see	34369	False	m	"['""he', 'A hanging judge', 'Absolute Justice', 'Dearest Lawrence', 'Dressing up the judge']"	1	Vera Elizabeth Claythorne	patient	f	"['A daring and resourceful young woman', 'Claythorne', 'Good healthy sensible girl', 'Hugo who had said he loved her', ""I'm""]"
6	John Gordon Macarthur	agent	like	like	34394	True	m	"['""he', 'Damn fool', 'General', 'General Macarthur', 'John Gordon Macarthur']"	1	Vera Elizabeth Claythorne	patient	f	"['A daring and resourceful young woman', 'Claythorne', 'Good healthy sensible girl', 'Hugo who had said he loved her', ""I'm""]"
0	Lawrence John Wargrave	agent	bowed	bow	34428	False	m	"['""he', 'A hanging judge', 'Absolute Justice', 'Dearest Lawrence', 'Dressing up the judge']"	5	Emily Brent	patient	f	"['Emily', 'Emily Brent', ""Ma'am"", 'Madam', 'Miss Brent']"
2	Philip Lombard	agent	said	say	34589	False	m	['A madman', 'A very distinguished old gentleman', 'Captain Lombard', 'Counsel', 'Fellow']	8	Thomas Rogers	patient	m	['I think you', 'I.', 'Mr. and Mrs. Rogers', 'Rogers', 'Rogers woman']
0	Lawrence John Wargrave	agent	looked	look	34599	False	m	"['""he', 'A hanging judge', 'Absolute Justice', 'Dearest Lawrence', 'Dressing up the judge']"	2	Philip Lombard	patient	m	['A madman', 'A very distinguished old gentleman', 'Captain Lombard', 'Counsel', 'Fellow']
8	Thomas Rogers	agent	seems	seem	34621	False	m	['I think you', 'I.', 'Mr. and Mrs. Rogers', 'Rogers', 'Rogers woman']	2	Philip Lombard	patient	m	['A madman', 'A very distinguished old gentleman', 'Captain Lombard', 'Counsel', 'Fellow']
4	William Henry Blore	agent	come	come	34691	False	m	['Blore', 'Davis', 'Ex-Inspector Blore', 'I.', 'Inspector Blore']	0	Lawrence John Wargrave	patient	m	"['""he', 'A hanging judge', 'Absolute Justice', 'Dearest Lawrence', 'Dressing up the judge']"
2	Philip Lombard	agent	taken	take	34759	False	m	['A madman', 'A very distinguished old gentleman', 'Captain Lombard', 'Counsel', 'Fellow']	9	Ethel Rogers	patient	f	['Ethel', 'Ethel Rogers', 'His wife', 'Mother Rogers', 'Mrs. Rogers']
8	Thomas Rogers	agent	killing	kill	34739	False	m	['I think you', 'I.', 'Mr. and Mrs. Rogers', 'Rogers', 'Rogers woman']	9	Ethel Rogers	patient	f	['Ethel', 'Ethel Rogers', 'His wife', 'Mother Rogers', 'Mrs. Rogers']
9	Ethel Rogers	agent	giving	give	34751	False	f	['Ethel', 'Ethel Rogers', 'His wife', 'Mother Rogers', 'Mrs. Rogers']	8	Thomas Rogers	patient	m	['I think you', 'I.', 'Mr. and Mrs. Rogers', 'Rogers', 'Rogers woman']
2	Philip Lombard	agent	see	see	34788	True	m	['A madman', 'A very distinguished old gentleman', 'Captain Lombard', 'Counsel', 'Fellow']	8	Thomas Rogers	patient	m	['I think you', 'I.', 'Mr. and Mrs. Rogers', 'Rogers', 'Rogers woman']
3	Edward George Armstrong	agent	gave	give	35198	False	m	"['""Any doctor been', 'Armstrong', 'Doctor', 'Dr. Armstrong', 'Edward George Armstrong']"	9	Ethel Rogers	patient	f	['Ethel', 'Ethel Rogers', 'His wife', 'Mother Rogers', 'Mrs. Rogers']
3	Edward George Armstrong	agent	sent	send	35409	False	m	"['""Any doctor been', 'Armstrong', 'Doctor', 'Dr. Armstrong', 'Edward George Armstrong']"	8	Thomas Rogers	patient	m	['I think you', 'I.', 'Mr. and Mrs. Rogers', 'Rogers', 'Rogers woman']
0	Lawrence John Wargrave	agent	bending	bend	35504	False	m	"['""he', 'A hanging judge', 'Absolute Justice', 'Dearest Lawrence', 'Dressing up the judge']"	9	Ethel Rogers	patient	f	['Ethel', 'Ethel Rogers', 'His wife', 'Mother Rogers', 'Mrs. Rogers']
0	Lawrence John Wargrave	agent	bending	bend	35504	False	m	"['""he', 'A hanging judge', 'Absolute Justice', 'Dearest Lawrence', 'Dressing up the judge']"	9	Ethel Rogers	patient	f	['Ethel', 'Ethel Rogers', 'His wife', 'Mother Rogers', 'Mrs. Rogers']
3	Edward George Armstrong	agent	gave	give	35585	False	m	"['""Any doctor been', 'Armstrong', 'Doctor', 'Dr. Armstrong', 'Edward George Armstrong']"	9	Ethel Rogers	patient	f	['Ethel', 'Ethel Rogers', 'His wife', 'Mother Rogers', 'Mrs. Rogers']
4	William Henry Blore	agent	get	get	35667	True	m	['Blore', 'Davis', 'Ex-Inspector Blore', 'I.', 'Inspector Blore']	0	Lawrence John Wargrave	patient	m	"['""he', 'A hanging judge', 'Absolute Justice', 'Dearest Lawrence', 'Dressing up the judge']"
3	Edward George Armstrong	agent	given	give	35695	False	m	"['""Any doctor been', 'Armstrong', 'Doctor', 'Dr. Armstrong', 'Edward George Armstrong']"	9	Ethel Rogers	patient	f	['Ethel', 'Ethel Rogers', 'His wife', 'Mother Rogers', 'Mrs. Rogers']
0	Lawrence John Wargrave	agent	kill	kill	36364	False	m	"['""he', 'A hanging judge', 'Absolute Justice', 'Dearest Lawrence', 'Dressing up the judge']"	6	John Gordon Macarthur	patient	m	"['""he', 'Damn fool', 'General', 'General Macarthur', 'John Gordon Macarthur']"
4	William Henry Blore	agent	was	be	36408	False	m	['Blore', 'Davis', 'Ex-Inspector Blore', 'I.', 'Inspector Blore']	2	Philip Lombard	patient	m	['A madman', 'A very distinguished old gentleman', 'Captain Lombard', 'Counsel', 'Fellow']
0	Lawrence John Wargrave	agent	were	be	36549	False	m	"['""he', 'A hanging judge', 'Absolute Justice', 'Dearest Lawrence', 'Dressing up the judge']"	4	William Henry Blore	patient	m	['Blore', 'Davis', 'Ex-Inspector Blore', 'I.', 'Inspector Blore']
0	Lawrence John Wargrave	agent	turned	turn	36692	False	m	"['""he', 'A hanging judge', 'Absolute Justice', 'Dearest Lawrence', 'Dressing up the judge']"	5	Emily Brent	patient	f	"['Emily', 'Emily Brent', ""Ma'am"", 'Madam', 'Miss Brent']"
5	Emily Brent	agent	took	take	36718	False	f	"['Emily', 'Emily Brent', ""Ma'am"", 'Madam', 'Miss Brent']"	1	Vera Elizabeth Claythorne	patient	f	"['A daring and resourceful young woman', 'Claythorne', 'Good healthy sensible girl', 'Hugo who had said he loved her', ""I'm""]"
1	Vera Elizabeth Claythorne	agent	was	be	36809	False	f	"['A daring and resourceful young woman', 'Claythorne', 'Good healthy sensible girl', 'Hugo who had said he loved her', ""I'm""]"	5	Emily Brent	patient	f	"['Emily', 'Emily Brent', ""Ma'am"", 'Madam', 'Miss Brent']"
2	Philip Lombard	agent	frightened	frighten	36965	False	m	['A madman', 'A very distinguished old gentleman', 'Captain Lombard', 'Counsel', 'Fellow']	1	Vera Elizabeth Claythorne	patient	f	"['A daring and resourceful young woman', 'Claythorne', 'Good healthy sensible girl', 'Hugo who had said he loved her', ""I'm""]"
2	Philip Lombard	agent	murmured	murmur	37175	False	m	['A madman', 'A very distinguished old gentleman', 'Captain Lombard', 'Counsel', 'Fellow']	1	Vera Elizabeth Claythorne	patient	f	"['A daring and resourceful young woman', 'Claythorne', 'Good healthy sensible girl', 'Hugo who had said he loved her', ""I'm""]"
10	Isaac Morris	agent	strike	strike	37802	False	m	['Every one', 'Isaac Morris', 'Man called Morris', 'Morris', 'Mr. Isaac Morris']	2	Philip Lombard	patient	m	['A madman', 'A very distinguished old gentleman', 'Captain Lombard', 'Counsel', 'Fellow']
1	Vera Elizabeth Claythorne	agent	see	see	37900	True	f	"['A daring and resourceful young woman', 'Claythorne', 'Good healthy sensible girl', 'Hugo who had said he loved her', ""I'm""]"	0	Lawrence John Wargrave	patient	m	"['""he', 'A hanging judge', 'Absolute Justice', 'Dearest Lawrence', 'Dressing up the judge']"
2	Philip Lombard	agent	plump	plump	37991	False	m	['A madman', 'A very distinguished old gentleman', 'Captain Lombard', 'Counsel', 'Fellow']	0	Lawrence John Wargrave	patient	m	"['""he', 'A hanging judge', 'Absolute Justice', 'Dearest Lawrence', 'Dressing up the judge']"
1	Vera Elizabeth Claythorne	agent	answered	answer	38148	False	f	"['A daring and resourceful young woman', 'Claythorne', 'Good healthy sensible girl', 'Hugo who had said he loved her', ""I'm""]"	3	Edward George Armstrong	patient	m	"['""Any doctor been', 'Armstrong', 'Doctor', 'Dr. Armstrong', 'Edward George Armstrong']"
2	Philip Lombard	agent	put	put	38173	False	m	['A madman', 'A very distinguished old gentleman', 'Captain Lombard', 'Counsel', 'Fellow']	3	Edward George Armstrong	patient	m	"['""Any doctor been', 'Armstrong', 'Doctor', 'Dr. Armstrong', 'Edward George Armstrong']"
3	Edward George Armstrong	agent	gave	give	38231	False	m	"['""Any doctor been', 'Armstrong', 'Doctor', 'Dr. Armstrong', 'Edward George Armstrong']"	9	Ethel Rogers	patient	f	['Ethel', 'Ethel Rogers', 'His wife', 'Mother Rogers', 'Mrs. Rogers']
2	Philip Lombard	agent	left	leave	38306	True	m	['A madman', 'A very distinguished old gentleman', 'Captain Lombard', 'Counsel', 'Fellow']	3	Edward George Armstrong	patient	m	"['""Any doctor been', 'Armstrong', 'Doctor', 'Dr. Armstrong', 'Edward George Armstrong']"
2	Philip Lombard	agent	looked	look	38446	False	m	['A madman', 'A very distinguished old gentleman', 'Captain Lombard', 'Counsel', 'Fellow']	1	Vera Elizabeth Claythorne	patient	f	"['A daring and resourceful young woman', 'Claythorne', 'Good healthy sensible girl', 'Hugo who had said he loved her', ""I'm""]"
10	Isaac Morris	agent	got	get	38604	False	m	['Every one', 'Isaac Morris', 'Man called Morris', 'Morris', 'Mr. Isaac Morris']	0	Lawrence John Wargrave	patient	m	"['""he', 'A hanging judge', 'Absolute Justice', 'Dearest Lawrence', 'Dressing up the judge']"
3	Edward George Armstrong	agent	stared	star	39130	False	m	"['""Any doctor been', 'Armstrong', 'Doctor', 'Dr. Armstrong', 'Edward George Armstrong']"	0	Lawrence John Wargrave	patient	m	"['""he', 'A hanging judge', 'Absolute Justice', 'Dearest Lawrence', 'Dressing up the judge']"
3	Edward George Armstrong	agent	stared	star	39196	False	m	"['""Any doctor been', 'Armstrong', 'Doctor', 'Dr. Armstrong', 'Edward George Armstrong']"	0	Lawrence John Wargrave	patient	m	"['""he', 'A hanging judge', 'Absolute Justice', 'Dearest Lawrence', 'Dressing up the judge']"
2	Philip Lombard	agent	found	find	40887	False	m	['A madman', 'A very distinguished old gentleman', 'Captain Lombard', 'Counsel', 'Fellow']	3	Edward George Armstrong	patient	m	"['""Any doctor been', 'Armstrong', 'Doctor', 'Dr. Armstrong', 'Edward George Armstrong']"
0	Lawrence John Wargrave	agent	had roused	have rouse	40901	False	m	"['""he', 'A hanging judge', 'Absolute Justice', 'Dearest Lawrence', 'Dressing up the judge']"	4	William Henry Blore	patient	m	['Blore', 'Davis', 'Ex-Inspector Blore', 'I.', 'Inspector Blore']
5	Emily Brent	agent	assure	assure	41157	False	f	"['Emily', 'Emily Brent', ""Ma'am"", 'Madam', 'Miss Brent']"	0	Lawrence John Wargrave	patient	m	"['""he', 'A hanging judge', 'Absolute Justice', 'Dearest Lawrence', 'Dressing up the judge']"
5	Emily Brent	agent	seen	see	41199	True	f	"['Emily', 'Emily Brent', ""Ma'am"", 'Madam', 'Miss Brent']"	8	Thomas Rogers	patient	m	['I think you', 'I.', 'Mr. and Mrs. Rogers', 'Rogers', 'Rogers woman']
1	Vera Elizabeth Claythorne	agent	caught	catch	41310	False	f	"['A daring and resourceful young woman', 'Claythorne', 'Good healthy sensible girl', 'Hugo who had said he loved her', ""I'm""]"	0	Lawrence John Wargrave	patient	m	"['""he', 'A hanging judge', 'Absolute Justice', 'Dearest Lawrence', 'Dressing up the judge']"
1	Vera Elizabeth Claythorne	agent	made	make	41322	False	f	"['A daring and resourceful young woman', 'Claythorne', 'Good healthy sensible girl', 'Hugo who had said he loved her', ""I'm""]"	0	Lawrence John Wargrave	patient	m	"['""he', 'A hanging judge', 'Absolute Justice', 'Dearest Lawrence', 'Dressing up the judge']"
0	Lawrence John Wargrave	agent	stared	star	41691	False	m	"['""he', 'A hanging judge', 'Absolute Justice', 'Dearest Lawrence', 'Dressing up the judge']"	1	Vera Elizabeth Claythorne	patient	f	"['A daring and resourceful young woman', 'Claythorne', 'Good healthy sensible girl', 'Hugo who had said he loved her', ""I'm""]"
3	Edward George Armstrong	agent	struck	strike	41873	False	m	"['""Any doctor been', 'Armstrong', 'Doctor', 'Dr. Armstrong', 'Edward George Armstrong']"	1	Vera Elizabeth Claythorne	patient	f	"['A daring and resourceful young woman', 'Claythorne', 'Good healthy sensible girl', 'Hugo who had said he loved her', ""I'm""]"
0	Lawrence John Wargrave	agent	ask	ask	42409	False	m	"['""he', 'A hanging judge', 'Absolute Justice', 'Dearest Lawrence', 'Dressing up the judge']"	4	William Henry Blore	patient	m	['Blore', 'Davis', 'Ex-Inspector Blore', 'I.', 'Inspector Blore']
0	Lawrence John Wargrave	agent	ask	ask	42409	False	m	"['""he', 'A hanging judge', 'Absolute Justice', 'Dearest Lawrence', 'Dressing up the judge']"	5	Emily Brent	patient	f	"['Emily', 'Emily Brent', ""Ma'am"", 'Madam', 'Miss Brent']"
0	Lawrence John Wargrave	agent	ask	ask	42584	False	m	"['""he', 'A hanging judge', 'Absolute Justice', 'Dearest Lawrence', 'Dressing up the judge']"	4	William Henry Blore	patient	m	['Blore', 'Davis', 'Ex-Inspector Blore', 'I.', 'Inspector Blore']
0	Lawrence John Wargrave	agent	suspect	suspect	42698	True	m	"['""he', 'A hanging judge', 'Absolute Justice', 'Dearest Lawrence', 'Dressing up the judge']"	2	Philip Lombard	patient	m	['A madman', 'A very distinguished old gentleman', 'Captain Lombard', 'Counsel', 'Fellow']
2	Philip Lombard	agent	take	take	42809	False	m	['A madman', 'A very distinguished old gentleman', 'Captain Lombard', 'Counsel', 'Fellow']	0	Lawrence John Wargrave	patient	m	"['""he', 'A hanging judge', 'Absolute Justice', 'Dearest Lawrence', 'Dressing up the judge']"
4	William Henry Blore	agent	stared	star	43075	False	m	['Blore', 'Davis', 'Ex-Inspector Blore', 'I.', 'Inspector Blore']	2	Philip Lombard	patient	m	['A madman', 'A very distinguished old gentleman', 'Captain Lombard', 'Counsel', 'Fellow']
4	William Henry Blore	agent	tell	tell	43112	False	m	['Blore', 'Davis', 'Ex-Inspector Blore', 'I.', 'Inspector Blore']	0	Lawrence John Wargrave	patient	m	"['""he', 'A hanging judge', 'Absolute Justice', 'Dearest Lawrence', 'Dressing up the judge']"
0	Lawrence John Wargrave	agent	got	get	43180	True	m	"['""he', 'A hanging judge', 'Absolute Justice', 'Dearest Lawrence', 'Dressing up the judge']"	2	Philip Lombard	patient	m	['A madman', 'A very distinguished old gentleman', 'Captain Lombard', 'Counsel', 'Fellow']
4	William Henry Blore	agent	demanded	demand	43235	False	m	['Blore', 'Davis', 'Ex-Inspector Blore', 'I.', 'Inspector Blore']	0	Lawrence John Wargrave	patient	m	"['""he', 'A hanging judge', 'Absolute Justice', 'Dearest Lawrence', 'Dressing up the judge']"
14	Hugo Hamilton	agent	looked	look	43464	False	m	['Hugo', 'Hugo Hamilton', 'The Lord', 'a good-looking young man called Hugo Hamilton', 'you']	1	Vera Elizabeth Claythorne	patient	f	"['A daring and resourceful young woman', 'Claythorne', 'Good healthy sensible girl', 'Hugo who had said he loved her', ""I'm""]"
5	Emily Brent	agent	dreamed	dream	43882	False	f	"['Emily', 'Emily Brent', ""Ma'am"", 'Madam', 'Miss Brent']"	17	Beatrice Taylor	patient	f	['BEATRICE TAYLOR', 'Beatrice', 'Beatrice Taylor', 'The abandoned creature', 'the drowned girl']
3	Edward George Armstrong	agent	came	come	44420	False	m	"['""Any doctor been', 'Armstrong', 'Doctor', 'Dr. Armstrong', 'Edward George Armstrong']"	5	Emily Brent	patient	f	"['Emily', 'Emily Brent', ""Ma'am"", 'Madam', 'Miss Brent']"
3	Edward George Armstrong	agent	give	give	44433	False	m	"['""Any doctor been', 'Armstrong', 'Doctor', 'Dr. Armstrong', 'Edward George Armstrong']"	0	Lawrence John Wargrave	patient	m	"['""he', 'A hanging judge', 'Absolute Justice', 'Dearest Lawrence', 'Dressing up the judge']"
0	Lawrence John Wargrave	agent	please	please	44489	False	m	"['""he', 'A hanging judge', 'Absolute Justice', 'Dearest Lawrence', 'Dressing up the judge']"	5	Emily Brent	patient	f	"['Emily', 'Emily Brent', ""Ma'am"", 'Madam', 'Miss Brent']"
5	Emily Brent	agent	see	see	44726	False	f	"['Emily', 'Emily Brent', ""Ma'am"", 'Madam', 'Miss Brent']"	17	Beatrice Taylor	patient	f	['BEATRICE TAYLOR', 'Beatrice', 'Beatrice Taylor', 'The abandoned creature', 'the drowned girl']
1	Vera Elizabeth Claythorne	agent	fetch	fetch	44857	False	f	"['A daring and resourceful young woman', 'Claythorne', 'Good healthy sensible girl', 'Hugo who had said he loved her', ""I'm""]"	5	Emily Brent	patient	f	"['Emily', 'Emily Brent', ""Ma'am"", 'Madam', 'Miss Brent']"
4	William Henry Blore	agent	take	take	44919	False	m	['Blore', 'Davis', 'Ex-Inspector Blore', 'I.', 'Inspector Blore']	5	Emily Brent	patient	f	"['Emily', 'Emily Brent', ""Ma'am"", 'Madam', 'Miss Brent']"
10	Isaac Morris	agent	judge	judge	45012	True	m	['Every one', 'Isaac Morris', 'Man called Morris', 'Morris', 'Mr. Isaac Morris']	5	Emily Brent	patient	f	"['Emily', 'Emily Brent', ""Ma'am"", 'Madam', 'Miss Brent']"
5	Emily Brent	agent	told	tell	45082	False	f	"['Emily', 'Emily Brent', ""Ma'am"", 'Madam', 'Miss Brent']"	1	Vera Elizabeth Claythorne	patient	f	"['A daring and resourceful young woman', 'Claythorne', 'Good healthy sensible girl', 'Hugo who had said he loved her', ""I'm""]"
5	Emily Brent	agent	tell	tell	45095	False	f	"['Emily', 'Emily Brent', ""Ma'am"", 'Madam', 'Miss Brent']"	0	Lawrence John Wargrave	patient	m	"['""he', 'A hanging judge', 'Absolute Justice', 'Dearest Lawrence', 'Dressing up the judge']"
0	Lawrence John Wargrave	agent	ask observe	ask observe	45267	False	m	"['""he', 'A hanging judge', 'Absolute Justice', 'Dearest Lawrence', 'Dressing up the judge']"	3	Edward George Armstrong	patient	m	"['""Any doctor been', 'Armstrong', 'Doctor', 'Dr. Armstrong', 'Edward George Armstrong']"
3	Edward George Armstrong	agent	looked	look	45875	False	m	"['""Any doctor been', 'Armstrong', 'Doctor', 'Dr. Armstrong', 'Edward George Armstrong']"	0	Lawrence John Wargrave	patient	m	"['""he', 'A hanging judge', 'Absolute Justice', 'Dearest Lawrence', 'Dressing up the judge']"
3	Edward George Armstrong	agent	looked	look	45875	False	m	"['""Any doctor been', 'Armstrong', 'Doctor', 'Dr. Armstrong', 'Edward George Armstrong']"	1	Vera Elizabeth Claythorne	patient	f	"['A daring and resourceful young woman', 'Claythorne', 'Good healthy sensible girl', 'Hugo who had said he loved her', ""I'm""]"
3	Edward George Armstrong	agent	tell	tell	45888	False	m	"['""Any doctor been', 'Armstrong', 'Doctor', 'Dr. Armstrong', 'Edward George Armstrong']"	0	Lawrence John Wargrave	patient	m	"['""he', 'A hanging judge', 'Absolute Justice', 'Dearest Lawrence', 'Dressing up the judge']"
4	William Henry Blore	agent	looking	look	45900	False	m	['Blore', 'Davis', 'Ex-Inspector Blore', 'I.', 'Inspector Blore']	2	Philip Lombard	patient	m	['A madman', 'A very distinguished old gentleman', 'Captain Lombard', 'Counsel', 'Fellow']
0	Lawrence John Wargrave	agent	have	have	45966	False	m	"['""he', 'A hanging judge', 'Absolute Justice', 'Dearest Lawrence', 'Dressing up the judge']"	1	Vera Elizabeth Claythorne	patient	f	"['A daring and resourceful young woman', 'Claythorne', 'Good healthy sensible girl', 'Hugo who had said he loved her', ""I'm""]"
10	Isaac Morris	agent	have	have	46064	False	m	['Every one', 'Isaac Morris', 'Man called Morris', 'Morris', 'Mr. Isaac Morris']	1	Vera Elizabeth Claythorne	patient	f	"['A daring and resourceful young woman', 'Claythorne', 'Good healthy sensible girl', 'Hugo who had said he loved her', ""I'm""]"
10	Isaac Morris	agent	damned	damn	46968	False	m	['Every one', 'Isaac Morris', 'Man called Morris', 'Morris', 'Mr. Isaac Morris']	4	William Henry Blore	patient	m	['Blore', 'Davis', 'Ex-Inspector Blore', 'I.', 'Inspector Blore']
0	Lawrence John Wargrave	agent	think	think	48559	False	m	"['""he', 'A hanging judge', 'Absolute Justice', 'Dearest Lawrence', 'Dressing up the judge']"	1	Vera Elizabeth Claythorne	patient	f	"['A daring and resourceful young woman', 'Claythorne', 'Good healthy sensible girl', 'Hugo who had said he loved her', ""I'm""]"
14	Hugo Hamilton	agent	was	be	49059	False	m	['Hugo', 'Hugo Hamilton', 'The Lord', 'a good-looking young man called Hugo Hamilton', 'you']	1	Vera Elizabeth Claythorne	patient	f	"['A daring and resourceful young woman', 'Claythorne', 'Good healthy sensible girl', 'Hugo who had said he loved her', ""I'm""]"
10	Isaac Morris	agent	got	get	49660	False	m	['Every one', 'Isaac Morris', 'Man called Morris', 'Morris', 'Mr. Isaac Morris']	1	Vera Elizabeth Claythorne	patient	f	"['A daring and resourceful young woman', 'Claythorne', 'Good healthy sensible girl', 'Hugo who had said he loved her', ""I'm""]"
10	Isaac Morris	agent	got	get	49660	False	m	['Every one', 'Isaac Morris', 'Man called Morris', 'Morris', 'Mr. Isaac Morris']	0	Lawrence John Wargrave	patient	m	"['""he', 'A hanging judge', 'Absolute Justice', 'Dearest Lawrence', 'Dressing up the judge']"
3	Edward George Armstrong	agent	supported	support	49715	False	m	"['""Any doctor been', 'Armstrong', 'Doctor', 'Dr. Armstrong', 'Edward George Armstrong']"	1	Vera Elizabeth Claythorne	patient	f	"['A daring and resourceful young woman', 'Claythorne', 'Good healthy sensible girl', 'Hugo who had said he loved her', ""I'm""]"
0	Lawrence John Wargrave	agent	are	be	49865	False	m	"['""he', 'A hanging judge', 'Absolute Justice', 'Dearest Lawrence', 'Dressing up the judge']"	1	Vera Elizabeth Claythorne	patient	f	"['A daring and resourceful young woman', 'Claythorne', 'Good healthy sensible girl', 'Hugo who had said he loved her', ""I'm""]"
4	William Henry Blore	agent	knock	knock	50120	False	m	['Blore', 'Davis', 'Ex-Inspector Blore', 'I.', 'Inspector Blore']	1	Vera Elizabeth Claythorne	patient	f	"['A daring and resourceful young woman', 'Claythorne', 'Good healthy sensible girl', 'Hugo who had said he loved her', ""I'm""]"
10	Isaac Morris	agent	came	come	50186	False	m	['Every one', 'Isaac Morris', 'Man called Morris', 'Morris', 'Mr. Isaac Morris']	4	William Henry Blore	patient	m	['Blore', 'Davis', 'Ex-Inspector Blore', 'I.', 'Inspector Blore']
0	Lawrence John Wargrave	agent	following	follow	50202	False	m	"['""he', 'A hanging judge', 'Absolute Justice', 'Dearest Lawrence', 'Dressing up the judge']"	3	Edward George Armstrong	patient	m	"['""Any doctor been', 'Armstrong', 'Doctor', 'Dr. Armstrong', 'Edward George Armstrong']"
1	Vera Elizabeth Claythorne	agent	said	say	51706	False	f	"['A daring and resourceful young woman', 'Claythorne', 'Good healthy sensible girl', 'Hugo who had said he loved her', ""I'm""]"	15	Cyril Ogilvie Hamilton	patient	m	['A puny child', 'Cyril', 'Cyril Hamilton', 'Cyril Ogilvie Hamilton', 'You']
1	Vera Elizabeth Claythorne	agent	tell	tell	51794	False	f	"['A daring and resourceful young woman', 'Claythorne', 'Good healthy sensible girl', 'Hugo who had said he loved her', ""I'm""]"	0	Lawrence John Wargrave	patient	m	"['""he', 'A hanging judge', 'Absolute Justice', 'Dearest Lawrence', 'Dressing up the judge']"
14	Hugo Hamilton	agent	looked	look	52043	False	m	['Hugo', 'Hugo Hamilton', 'The Lord', 'a good-looking young man called Hugo Hamilton', 'you']	1	Vera Elizabeth Claythorne	patient	f	"['A daring and resourceful young woman', 'Claythorne', 'Good healthy sensible girl', 'Hugo who had said he loved her', ""I'm""]"
1	Vera Elizabeth Claythorne	agent	written	write	52081	False	f	"['A daring and resourceful young woman', 'Claythorne', 'Good healthy sensible girl', 'Hugo who had said he loved her', ""I'm""]"	14	Hugo Hamilton	patient	m	['Hugo', 'Hugo Hamilton', 'The Lord', 'a good-looking young man called Hugo Hamilton', 'you']
1	Vera Elizabeth Claythorne	agent	think	think	52102	True	f	"['A daring and resourceful young woman', 'Claythorne', 'Good healthy sensible girl', 'Hugo who had said he loved her', ""I'm""]"	14	Hugo Hamilton	patient	m	['Hugo', 'Hugo Hamilton', 'The Lord', 'a good-looking young man called Hugo Hamilton', 'you']
14	Hugo Hamilton	agent	was	be	52139	False	m	['Hugo', 'Hugo Hamilton', 'The Lord', 'a good-looking young man called Hugo Hamilton', 'you']	1	Vera Elizabeth Claythorne	patient	f	"['A daring and resourceful young woman', 'Claythorne', 'Good healthy sensible girl', 'Hugo who had said he loved her', ""I'm""]"
4	William Henry Blore	agent	paused	pause	53544	False	m	['Blore', 'Davis', 'Ex-Inspector Blore', 'I.', 'Inspector Blore']	3	Edward George Armstrong	patient	m	"['""Any doctor been', 'Armstrong', 'Doctor', 'Dr. Armstrong', 'Edward George Armstrong']"
2	Philip Lombard	agent	moved	move	53758	False	m	['A madman', 'A very distinguished old gentleman', 'Captain Lombard', 'Counsel', 'Fellow']	3	Edward George Armstrong	patient	m	"['""Any doctor been', 'Armstrong', 'Doctor', 'Dr. Armstrong', 'Edward George Armstrong']"
2	Philip Lombard	agent	raced	race	53886	False	m	['A madman', 'A very distinguished old gentleman', 'Captain Lombard', 'Counsel', 'Fellow']	1	Vera Elizabeth Claythorne	patient	f	"['A daring and resourceful young woman', 'Claythorne', 'Good healthy sensible girl', 'Hugo who had said he loved her', ""I'm""]"
4	William Henry Blore	agent	speak	speak	53968	False	m	['Blore', 'Davis', 'Ex-Inspector Blore', 'I.', 'Inspector Blore']	0	Lawrence John Wargrave	patient	m	"['""he', 'A hanging judge', 'Absolute Justice', 'Dearest Lawrence', 'Dressing up the judge']"
2	Philip Lombard	agent	joined	join	53998	False	m	['A madman', 'A very distinguished old gentleman', 'Captain Lombard', 'Counsel', 'Fellow']	4	William Henry Blore	patient	m	['Blore', 'Davis', 'Ex-Inspector Blore', 'I.', 'Inspector Blore']
2	Philip Lombard	agent	'm	be	54163	False	m	['A madman', 'A very distinguished old gentleman', 'Captain Lombard', 'Counsel', 'Fellow']	3	Edward George Armstrong	patient	m	"['""Any doctor been', 'Armstrong', 'Doctor', 'Dr. Armstrong', 'Edward George Armstrong']"
4	William Henry Blore	agent	followed	follow	54184	False	m	['Blore', 'Davis', 'Ex-Inspector Blore', 'I.', 'Inspector Blore']	2	Philip Lombard	patient	m	['A madman', 'A very distinguished old gentleman', 'Captain Lombard', 'Counsel', 'Fellow']
1	Vera Elizabeth Claythorne	agent	were	be	54336	False	f	"['A daring and resourceful young woman', 'Claythorne', 'Good healthy sensible girl', 'Hugo who had said he loved her', ""I'm""]"	3	Edward George Armstrong	patient	m	"['""Any doctor been', 'Armstrong', 'Doctor', 'Dr. Armstrong', 'Edward George Armstrong']"
3	Edward George Armstrong	agent	groaning	groan	54398	False	m	"['""Any doctor been', 'Armstrong', 'Doctor', 'Dr. Armstrong', 'Edward George Armstrong']"	1	Vera Elizabeth Claythorne	patient	f	"['A daring and resourceful young woman', 'Claythorne', 'Good healthy sensible girl', 'Hugo who had said he loved her', ""I'm""]"
3	Edward George Armstrong	agent	inform	inform	54410	False	m	"['""Any doctor been', 'Armstrong', 'Doctor', 'Dr. Armstrong', 'Edward George Armstrong']"	1	Vera Elizabeth Claythorne	patient	f	"['A daring and resourceful young woman', 'Claythorne', 'Good healthy sensible girl', 'Hugo who had said he loved her', ""I'm""]"
4	William Henry Blore	agent	tell	tell	54858	False	m	['Blore', 'Davis', 'Ex-Inspector Blore', 'I.', 'Inspector Blore']	0	Lawrence John Wargrave	patient	m	"['""he', 'A hanging judge', 'Absolute Justice', 'Dearest Lawrence', 'Dressing up the judge']"
4	William Henry Blore	agent	tell	tell	54939	False	m	['Blore', 'Davis', 'Ex-Inspector Blore', 'I.', 'Inspector Blore']	0	Lawrence John Wargrave	patient	m	"['""he', 'A hanging judge', 'Absolute Justice', 'Dearest Lawrence', 'Dressing up the judge']"
10	Isaac Morris	agent	find	find	55446	False	m	['Every one', 'Isaac Morris', 'Man called Morris', 'Morris', 'Mr. Isaac Morris']	2	Philip Lombard	patient	m	['A madman', 'A very distinguished old gentleman', 'Captain Lombard', 'Counsel', 'Fellow']
10	Isaac Morris	agent	find	find	55446	False	m	['Every one', 'Isaac Morris', 'Man called Morris', 'Morris', 'Mr. Isaac Morris']	2	Philip Lombard	patient	m	['A madman', 'A very distinguished old gentleman', 'Captain Lombard', 'Counsel', 'Fellow']
2	Philip Lombard	agent	swear	swear	55578	False	m	['A madman', 'A very distinguished old gentleman', 'Captain Lombard', 'Counsel', 'Fellow']	0	Lawrence John Wargrave	patient	m	"['""he', 'A hanging judge', 'Absolute Justice', 'Dearest Lawrence', 'Dressing up the judge']"
4	William Henry Blore	agent	ask	ask	55938	False	m	['Blore', 'Davis', 'Ex-Inspector Blore', 'I.', 'Inspector Blore']	0	Lawrence John Wargrave	patient	m	"['""he', 'A hanging judge', 'Absolute Justice', 'Dearest Lawrence', 'Dressing up the judge']"
4	William Henry Blore	agent	pot	pot	55950	True	m	['Blore', 'Davis', 'Ex-Inspector Blore', 'I.', 'Inspector Blore']	0	Lawrence John Wargrave	patient	m	"['""he', 'A hanging judge', 'Absolute Justice', 'Dearest Lawrence', 'Dressing up the judge']"
2	Philip Lombard	agent	looked	look	56026	False	m	['A madman', 'A very distinguished old gentleman', 'Captain Lombard', 'Counsel', 'Fellow']	1	Vera Elizabeth Claythorne	patient	f	"['A daring and resourceful young woman', 'Claythorne', 'Good healthy sensible girl', 'Hugo who had said he loved her', ""I'm""]"
1	Vera Elizabeth Claythorne	agent	care	care	56252	True	f	"['A daring and resourceful young woman', 'Claythorne', 'Good healthy sensible girl', 'Hugo who had said he loved her', ""I'm""]"	2	Philip Lombard	patient	m	['A madman', 'A very distinguished old gentleman', 'Captain Lombard', 'Counsel', 'Fellow']
2	Philip Lombard	agent	stay	stay	56910	False	m	['A madman', 'A very distinguished old gentleman', 'Captain Lombard', 'Counsel', 'Fellow']	1	Vera Elizabeth Claythorne	patient	f	"['A daring and resourceful young woman', 'Claythorne', 'Good healthy sensible girl', 'Hugo who had said he loved her', ""I'm""]"
2	Philip Lombard	agent	shoot	shoot	56937	False	m	['A madman', 'A very distinguished old gentleman', 'Captain Lombard', 'Counsel', 'Fellow']	1	Vera Elizabeth Claythorne	patient	f	"['A daring and resourceful young woman', 'Claythorne', 'Good healthy sensible girl', 'Hugo who had said he loved her', ""I'm""]"
2	Philip Lombard	agent	come	come	56999	False	m	['A madman', 'A very distinguished old gentleman', 'Captain Lombard', 'Counsel', 'Fellow']	0	Lawrence John Wargrave	patient	m	"['""he', 'A hanging judge', 'Absolute Justice', 'Dearest Lawrence', 'Dressing up the judge']"
2	Philip Lombard	agent	shoot	shoot	57041	False	m	['A madman', 'A very distinguished old gentleman', 'Captain Lombard', 'Counsel', 'Fellow']	0	Lawrence John Wargrave	patient	m	"['""he', 'A hanging judge', 'Absolute Justice', 'Dearest Lawrence', 'Dressing up the judge']"
2	Philip Lombard	agent	lend	lend	57138	False	m	['A madman', 'A very distinguished old gentleman', 'Captain Lombard', 'Counsel', 'Fellow']	0	Lawrence John Wargrave	patient	m	"['""he', 'A hanging judge', 'Absolute Justice', 'Dearest Lawrence', 'Dressing up the judge']"
10	Isaac Morris	agent	heard	hear	57323	False	m	['Every one', 'Isaac Morris', 'Man called Morris', 'Morris', 'Mr. Isaac Morris']	4	William Henry Blore	patient	m	['Blore', 'Davis', 'Ex-Inspector Blore', 'I.', 'Inspector Blore']
4	William Henry Blore	agent	rid	rid	57401	False	m	['Blore', 'Davis', 'Ex-Inspector Blore', 'I.', 'Inspector Blore']	3	Edward George Armstrong	patient	m	"['""Any doctor been', 'Armstrong', 'Doctor', 'Dr. Armstrong', 'Edward George Armstrong']"
0	Lawrence John Wargrave	agent	ask	ask	57431	False	m	"['""he', 'A hanging judge', 'Absolute Justice', 'Dearest Lawrence', 'Dressing up the judge']"	2	Philip Lombard	patient	m	['A madman', 'A very distinguished old gentleman', 'Captain Lombard', 'Counsel', 'Fellow']
2	Philip Lombard	agent	looked	look	57556	False	m	['A madman', 'A very distinguished old gentleman', 'Captain Lombard', 'Counsel', 'Fellow']	1	Vera Elizabeth Claythorne	patient	f	"['A daring and resourceful young woman', 'Claythorne', 'Good healthy sensible girl', 'Hugo who had said he loved her', ""I'm""]"
2	Philip Lombard	agent	shoot	shoot	57578	True	m	['A madman', 'A very distinguished old gentleman', 'Captain Lombard', 'Counsel', 'Fellow']	0	Lawrence John Wargrave	patient	m	"['""he', 'A hanging judge', 'Absolute Justice', 'Dearest Lawrence', 'Dressing up the judge']"
1	Vera Elizabeth Claythorne	agent	turned	turn	57617	False	f	"['A daring and resourceful young woman', 'Claythorne', 'Good healthy sensible girl', 'Hugo who had said he loved her', ""I'm""]"	2	Philip Lombard	patient	m	['A madman', 'A very distinguished old gentleman', 'Captain Lombard', 'Counsel', 'Fellow']
2	Philip Lombard	agent	looked	look	57788	False	m	['A madman', 'A very distinguished old gentleman', 'Captain Lombard', 'Counsel', 'Fellow']	1	Vera Elizabeth Claythorne	patient	f	"['A daring and resourceful young woman', 'Claythorne', 'Good healthy sensible girl', 'Hugo who had said he loved her', ""I'm""]"
0	Lawrence John Wargrave	agent	did	do	57855	False	m	"['""he', 'A hanging judge', 'Absolute Justice', 'Dearest Lawrence', 'Dressing up the judge']"	1	Vera Elizabeth Claythorne	patient	f	"['A daring and resourceful young woman', 'Claythorne', 'Good healthy sensible girl', 'Hugo who had said he loved her', ""I'm""]"
1	Vera Elizabeth Claythorne	agent	come	come	58044	False	f	"['A daring and resourceful young woman', 'Claythorne', 'Good healthy sensible girl', 'Hugo who had said he loved her', ""I'm""]"	0	Lawrence John Wargrave	patient	m	"['""he', 'A hanging judge', 'Absolute Justice', 'Dearest Lawrence', 'Dressing up the judge']"
2	Philip Lombard	agent	grasped	grasp	58200	False	m	['A madman', 'A very distinguished old gentleman', 'Captain Lombard', 'Counsel', 'Fellow']	1	Vera Elizabeth Claythorne	patient	f	"['A daring and resourceful young woman', 'Claythorne', 'Good healthy sensible girl', 'Hugo who had said he loved her', ""I'm""]"
0	Lawrence John Wargrave	agent	find	find	58363	True	m	"['""he', 'A hanging judge', 'Absolute Justice', 'Dearest Lawrence', 'Dressing up the judge']"	3	Edward George Armstrong	patient	m	"['""Any doctor been', 'Armstrong', 'Doctor', 'Dr. Armstrong', 'Edward George Armstrong']"
0	Lawrence John Wargrave	agent	find	find	58355	True	m	"['""he', 'A hanging judge', 'Absolute Justice', 'Dearest Lawrence', 'Dressing up the judge']"	3	Edward George Armstrong	patient	m	"['""Any doctor been', 'Armstrong', 'Doctor', 'Dr. Armstrong', 'Edward George Armstrong']"
4	William Henry Blore	agent	was	be	58556	False	m	['Blore', 'Davis', 'Ex-Inspector Blore', 'I.', 'Inspector Blore']	3	Edward George Armstrong	patient	m	"['""Any doctor been', 'Armstrong', 'Doctor', 'Dr. Armstrong', 'Edward George Armstrong']"
1	Vera Elizabeth Claythorne	agent	see	see	59302	True	f	"['A daring and resourceful young woman', 'Claythorne', 'Good healthy sensible girl', 'Hugo who had said he loved her', ""I'm""]"	2	Philip Lombard	patient	m	['A madman', 'A very distinguished old gentleman', 'Captain Lombard', 'Counsel', 'Fellow']
1	Vera Elizabeth Claythorne	agent	looked	look	59450	False	f	"['A daring and resourceful young woman', 'Claythorne', 'Good healthy sensible girl', 'Hugo who had said he loved her', ""I'm""]"	7	Anthony James Marston	patient	m	['Anthony', 'Anthony James Marston', 'Anthony Marston', 'Marston', 'Mr. Marston']
1	Vera Elizabeth Claythorne	agent	looked	look	59514	False	f	"['A daring and resourceful young woman', 'Claythorne', 'Good healthy sensible girl', 'Hugo who had said he loved her', ""I'm""]"	3	Edward George Armstrong	patient	m	"['""Any doctor been', 'Armstrong', 'Doctor', 'Dr. Armstrong', 'Edward George Armstrong']"
1	Vera Elizabeth Claythorne	agent	leaned	lean	59608	False	f	"['A daring and resourceful young woman', 'Claythorne', 'Good healthy sensible girl', 'Hugo who had said he loved her', ""I'm""]"	2	Philip Lombard	patient	m	['A madman', 'A very distinguished old gentleman', 'Captain Lombard', 'Counsel', 'Fellow']
1	Vera Elizabeth Claythorne	agent	facing	face	59705	False	f	"['A daring and resourceful young woman', 'Claythorne', 'Good healthy sensible girl', 'Hugo who had said he loved her', ""I'm""]"	2	Philip Lombard	patient	m	['A madman', 'A very distinguished old gentleman', 'Captain Lombard', 'Counsel', 'Fellow']
10	Isaac Morris	agent	come	come	60483	False	m	['Every one', 'Isaac Morris', 'Man called Morris', 'Morris', 'Mr. Isaac Morris']	1	Vera Elizabeth Claythorne	patient	f	"['A daring and resourceful young woman', 'Claythorne', 'Good healthy sensible girl', 'Hugo who had said he loved her', ""I'm""]"
0	Lawrence John Wargrave	agent	knew	know	61460	True	m	"['""he', 'A hanging judge', 'Absolute Justice', 'Dearest Lawrence', 'Dressing up the judge']"	10	Isaac Morris	patient	m	['Every one', 'Isaac Morris', 'Man called Morris', 'Morris', 'Mr. Isaac Morris']
0	Lawrence John Wargrave	agent	telling	tell	61608	False	m	"['""he', 'A hanging judge', 'Absolute Justice', 'Dearest Lawrence', 'Dressing up the judge']"	12	Thomas Legge	patient	m	['A.C.', 'Assistant Commissioner', 'Legge', 'Sir Thomas Legge', 'The A.C.']
11	Fred Narracott	agent	override	override	61797	False	m	['Fred', 'Fred Narracott', 'Mr. Narracott', 'Narracott']	10	Isaac Morris	patient	m	['Every one', 'Isaac Morris', 'Man called Morris', 'Morris', 'Mr. Isaac Morris']
3	Edward George Armstrong	agent	attended	attend	62146	False	m	"['""Any doctor been', 'Armstrong', 'Doctor', 'Dr. Armstrong', 'Edward George Armstrong']"	22	Jennifer Brady	patient	f	['Jennifer Brady', 'Miss Brady', 'a Miss Brady who died suddenly']
8	Thomas Rogers	agent	poison	poison	62155	True	m	['I think you', 'I.', 'Mr. and Mrs. Rogers', 'Rogers', 'Rogers woman']	22	Jennifer Brady	patient	f	['Jennifer Brady', 'Miss Brady', 'a Miss Brady who died suddenly']
22	Jennifer Brady	agent	died	die	62177	False	f	['Jennifer Brady', 'Miss Brady', 'a Miss Brady who died suddenly']	8	Thomas Rogers	patient	m	['I think you', 'I.', 'Mr. and Mrs. Rogers', 'Rogers', 'Rogers woman']
19	Arthur Richmond	agent	serving	serve	62659	False	m	['Arthur', 'Arthur Richmond', 'Richmond', 'her lover', 'the boy']	6	John Gordon Macarthur	patient	m	"['""he', 'Damn fool', 'General', 'General Macarthur', 'John Gordon Macarthur']"
2	Philip Lombard	agent	pushed	push	64062	False	m	['A madman', 'A very distinguished old gentleman', 'Captain Lombard', 'Counsel', 'Fellow']	4	William Henry Blore	patient	m	['Blore', 'Davis', 'Ex-Inspector Blore', 'I.', 'Inspector Blore']
2	Philip Lombard	agent	doped	dope	64073	False	m	['A madman', 'A very distinguished old gentleman', 'Captain Lombard', 'Counsel', 'Fellow']	1	Vera Elizabeth Claythorne	patient	f	"['A daring and resourceful young woman', 'Claythorne', 'Good healthy sensible girl', 'Hugo who had said he loved her', ""I'm""]"
2	Philip Lombard	agent	strung	string	64077	False	m	['A madman', 'A very distinguished old gentleman', 'Captain Lombard', 'Counsel', 'Fellow']	1	Vera Elizabeth Claythorne	patient	f	"['A daring and resourceful young woman', 'Claythorne', 'Good healthy sensible girl', 'Hugo who had said he loved her', ""I'm""]"
1	Vera Elizabeth Claythorne	agent	shot	shoot	64182	False	f	"['A daring and resourceful young woman', 'Claythorne', 'Good healthy sensible girl', 'Hugo who had said he loved her', ""I'm""]"	2	Philip Lombard	patient	m	['A madman', 'A very distinguished old gentleman', 'Captain Lombard', 'Counsel', 'Fellow']
1	Vera Elizabeth Claythorne	agent	toppled	topple	64193	False	f	"['A daring and resourceful young woman', 'Claythorne', 'Good healthy sensible girl', 'Hugo who had said he loved her', ""I'm""]"	4	William Henry Blore	patient	m	['Blore', 'Davis', 'Ex-Inspector Blore', 'I.', 'Inspector Blore']
4	William Henry Blore	agent	believe	believe	64355	True	m	['Blore', 'Davis', 'Ex-Inspector Blore', 'I.', 'Inspector Blore']	0	Lawrence John Wargrave	patient	m	"['""he', 'A hanging judge', 'Absolute Justice', 'Dearest Lawrence', 'Dressing up the judge']"
14	Hugo Hamilton	agent	tell	tell	66049	False	m	['Hugo', 'Hugo Hamilton', 'The Lord', 'a good-looking young man called Hugo Hamilton', 'you']	0	Lawrence John Wargrave	patient	m	"['""he', 'A hanging judge', 'Absolute Justice', 'Dearest Lawrence', 'Dressing up the judge']"
14	Hugo Hamilton	agent	tell	tell	66080	False	m	['Hugo', 'Hugo Hamilton', 'The Lord', 'a good-looking young man called Hugo Hamilton', 'you']	0	Lawrence John Wargrave	patient	m	"['""he', 'A hanging judge', 'Absolute Justice', 'Dearest Lawrence', 'Dressing up the judge']"
10	Isaac Morris	agent	interviewed	interview	67228	False	m	['Every one', 'Isaac Morris', 'Man called Morris', 'Morris', 'Mr. Isaac Morris']	2	Philip Lombard	patient	m	['A madman', 'A very distinguished old gentleman', 'Captain Lombard', 'Counsel', 'Fellow']
